object_id,parameters_sha256,absorption_sha256,planet_name_raw,split,evaluation_status
X10Msw1e11He0p075,2ef6d0d0b64fcd8570b4456225046d4e7b75c908124990bdd8747e47daab35ad,994305d7700a118e6e0fbc212ff69170d7ea4ca7268cfa4bd5cc96f9d4a83d62,23,outer_train,not_evaluated
X10Msw1e11He0p075B2G,21a007d9bb4c53a724e9ec684c58362b8c55edce81ea494f2e1a7e5bce5a1b1e,73db0ddb243d3210d98548b4ee75c5f0ca3f3871046d17a9e0ec66724865b81e,23,outer_development,secondary_historical
X10Msw1e11He0p075H2Ew11,ba1f93291c0ef3efe0caf37ae07f018cc75ecb069eace42d1ffb49a84c4a354e,e8622ba4bf8380b61676920e61faa972e5e5c6ce2242e2cd2885d8ed7b29c305,WASP107b,outer_train,not_evaluated
X10Msw2e13He0p005,d7f1f83ebc0c7c7bb7488c6754d7dd9cb3eebf1f2c2cc6382b6e3701f58fafbe,9e0e8ad58aa1b029b077ccb342e424f5c5c7eab608b6c07f69a676f1a280d301,WASP107b,outer_train,not_evaluated
X10Msw2e13He0p005Bd1,9d4f074c35e0a35bac1c95eb6e48736b3b7eb84c3e006328ce8e171c7aa86173,09c84755bda269afc342618e87bc42a49abcd607d0d47d5ef7e42c320266eb54,WASP107b,outer_development,secondary_historical
X10Msw2e13He0p02,b410e0dd18e38283e08ebd37d0920e8387daafd72e8bc691bba0d0fafcc142d0,1a928a96ecc3fc87307b496410c86f5531e6819aa201af55fc6a75793d597eb4,WASP107b,outer_train,not_evaluated
X10Msw5e13He0p01,2c7fdc2d7c81ad8679acc7d0be286ac444a1942dc920ae99e420abe14214a6dc,a5e6b999cd6767e1e632c230b9d18473fed79c7f7d01ea6ad651b8345a13a47c,WASP107b,outer_train,not_evaluated
X20Msw1e11He0p15,ef4377a8bf930213f33d118cdbf16fdfae2e3514c3bf0414de862adbc5fb97c6,c09ff066c4b524979647fb6ecd78c17cd98ac70111574144a9581a7162ea7945,WASP107b,outer_train,not_evaluated
X20Msw1e11He0p15B2,db9e7d6ab28769326788abc01ea28ff4ca9312f144729025d38d6923e7de083c,84381f252807a8f2f9109e40a02e8d5a9aef804c4103adff215b502d3f840a17,23,outer_train,not_evaluated
X30Msw1e11He0p25,545403475ffdcd8812c832ed9a444f79a4632c47856f8e83c25e6b5b1efd83c6,85732d3a33bac764e723397c4264b0d01355eb2ca7b81df96ab094c0288d16c2,WASP107b,outer_train,not_evaluated
X5Msw1e11He0p1H2,31229d8c4ff79d3edc25fdc0bd2924e22de7cc8df784892cc68dc9766d25097f,a7ecc203a34861d030d095ac3c67430b991b7ac8a6125c81de017b77de737fae,WASP107b,outer_train,not_evaluated
X5Msw2p5e12He0p06H2,467698f160d91aa87c63a144d6598b5e4c7415a2f47ab924619afb39a694d134,a80c8a11c0c0cdadad4a4eeb1de8b2a73e01236b35824fd32d69380ee923cc60,WASP107b,outer_train,not_evaluated
X5Msw2p5e12He0p1H2,c9727c2749eb23cdcfb1db5dcb6012972aa15c2145856f7ab1bf5f26269eaf1a,d20b4316f4ac077100071670292b78ea07fae2366d06dccddba94e200cd2c682,WASP107b,outer_development,primary_nonoverlap
XUV10Msw1e11He0p2Solnew,c258e9a8817cb94f6189d86167b7707c5581c8a86c97af8150335a1e755c81c2,30a755913a676537c4318a74136d007185b0d9a77b2e42f7610a12c93e602a7b,WASP69b,outer_train,not_evaluated
XUV10Msw6e12He0p03H1,6f1a21a3bcdcad859866f1358b5e1823e185202a1cc3a9ad4bc97de7dc0fd9d3,6bf619f78af0dde908d3aa837bdf48537f5a7b10b4ee09abd622de640c65ba49,WASP107b,outer_development,primary_nonoverlap
XUV11Msw10e11He0p0800H1,fec52ba30ac35713063d86285f2e80a001dacbc2b72e8addccdd95079ef3c3a3,26ae61f39fb9cbcce482d3c7d8b603cb012a3ebf40fe1a74306ba85e5ee582ba,WASP52b,outer_train,not_evaluated
XUV11Msw11e11He0p0240H1,1fe45bb926d8a03612f1fc22ba52ac0d0de89d1e56f331731c62e10175082e5c,ea6cf102dd6509c33cb109231ab1cdac4564edab302c2cded33ae2453f9948e6,WASP69b,outer_development,primary_nonoverlap
XUV11Msw11e12He0p0560H0,de106e368942d83599bc3ef5621c23d271cfe528ce0d36101953a23305ad874f,04cac1e77e48ffb50349c5af74ae59790e72a629933f717a4636933d719f3def,WASP52b,outer_train,not_evaluated
XUV11Msw14e11He0p2430H0,725a227d48b9f2d8aca83b5db3354c1d29f0822c2e2906cd70564a4fd2a43613,a3f85bb959e262d1880683b3892cfe3ae954a3c662b31a240640ff19ccb3c32b,WASP69b,outer_train,not_evaluated
XUV11Msw18e12He0p0920H1,ab856011bd1b26d12e8b56ec24ec4317d308145012946f795f78d41150329178,f3ccc94150494141a44a32346fa278fec68d837b6d1da050a56a26417c352740,WASP107b,outer_train,not_evaluated
XUV11Msw21e11He0p0100H0,fcc1a8394dd568cdc2ab8cd0fc8f9b7e988ed164e1e68bc6f238f505b6811bb0,b7feb95df446fbd7d117d0b183dbd6eabf884330feae61142d15483790345377,WASP69b,outer_train,not_evaluated
XUV11Msw21e12He0p0370H1,55321fa4f41f12b47fdc1b9f0c5a7a13ae8065b320b049acb348e03379c98f35,c4ad02c42ae0d69dcb905ab0f845d2ac4baa697f4c47b55d351cd77b074f035b,WASP52b,outer_train,not_evaluated
XUV11Msw25e12He0p2120H0,1ab22b8dbd782906c94945b00e81dc64013be792123a0869a81d6b3eb7b6ac42,84a70f91564c13e0dc519b7d453d711a56b2787da125589a97985f8efeec5593,WASP69b,outer_train,not_evaluated
XUV11Msw26e12He0p0140H0,cac8a3bfe6489ffd93c3262f195322f9045c18698a762560f72f72efd7a0b069,addc762e1bdd8130e85d0f2792de9767f7cc0d126059b46fa02749a090b1150f,WASP69b,outer_development,primary_nonoverlap
XUV11Msw2e12He0p030198H0,8eb25a0149219038f1fcedccd154c830367abab41eb578335ddec40900892556,490751b6c12474e77640b91272fb02dabe2ebcdd6c586c7a6ba34c366156f35c,23,outer_train,not_evaluated
XUV11Msw2e12He0p030198H1,69af68f3cd0fed7f78a2cbda249cfe6a2f288da21937d7902c72e5f7ade9036e,c7778a8836b2f0afcce8f5c401f3363c2b2a7e6e166819303e9d1a638a2c0dc4,23,outer_train,not_evaluated
XUV11Msw40e12He0p2120H1,e13b08cc83b9e84f12f761fa1ba63741c17dde44d9d0943eb9bcd3e199bcd000,bacc77eb46d0026d70949d9dc0ea01643c9f626d47f2eb9edd9c7e3c32b56325,WASP69b,outer_train,not_evaluated
XUV11Msw43e12He0p0160H1,1d1970e135f42df1d0d26fc8b20d40db611946bcf6a474a97027fefbaeb3a073,759047866ad200dc1239f11e123564f03b05b5e77e8fc754531d14ac0970fef5,WASP69b,outer_development,primary_nonoverlap
XUV11Msw44e12He0p0860H1,dc378ef6bebe1483b7cc04198bc6cf4c1ec0fda6f5041a7a83ce31523755f2cc,a0a12af858d6f0b492523009f91299559cd53274e18f6a900f6e016f6be959c2,WASP52b,outer_train,not_evaluated
XUV11Msw45e11He0p0520H1,a6851b1d0e7438c24fe7be254c1eae7b0af90a35c11fe385b28612b5d4492e4b,bd9dddcb57cc51d660ef39114017b86a679d49dd68bcab0e9bba9e7c286d796b,WASP69b,outer_train,not_evaluated
XUV11Msw46e12He0p2610H0,41549fcf98cfbdb09155998fc5277498c1d0bb8ecd19cc64a591ca1fd4e8252d,23f25f9e55250ab7f27fb47055eeb6e740c374692c7d85e3f65aee7b59163fb6,WASP69b,outer_train,not_evaluated
XUV11Msw65e12He0p2430H1,ae84964b0e1fb7ab84421a263445dc09df0e721ef4ab69ba5d142a9b51f0f1f9,ab442a2198b519ef386eef0276e963aa3f121f8c7ad32c8d0caef255ac0b2907,WASP69b,outer_train,not_evaluated
XUV11Msw74e12He0p0120H1,646cbf83742838c998a10e791b780fc73d1d0a8001beb51de921fd931527da58,f862b10c3440ec24286817161ce2d5b629cd485a139da68604bdaa953be2bdc6,WASP69b,outer_development,primary_nonoverlap
XUV11Msw87e12He0p2610H0,20f1630c15053bc40aa92895287772ecf200bd455e9be6e7a6a7ac28a84db00f,80ccc8fc1273b13bb3b4b9e4e3643380ac91ae497880c4cab8459263f8b2b643,WASP107b,outer_train,not_evaluated
XUV12Msw7e12He0p03H1,ac17ef30d34ee320a6be309797b6eb42ee4d620a2bf1dffdefa891a9ae7dddc3,00f334d5320f057d8be07618a348a03fccf942aa7c31c59650a7948335b14666,WASP107b,outer_development,primary_nonoverlap
XUV13Msw10e11He0p0690H1,5e4ff99a02ce17b2566c3b0be308bad12444fc41e7a8105f0b39338ad5ea90c5,27cde28e5b9ca93ec09c8341248dc48fc31715311f6cc8fe64b83b2d161f33d7,WASP69b,outer_train,not_evaluated
XUV13Msw12e11He0p1970H1,84fe374d53ec5f01bc16b74a41ab4ed1bf867555cfcdb4acd1a1962956eb8447,ff0f8728109fa7080721c4a60d250344348274eb1ff9bbc52a5e031114bb5b24,WASP69b,outer_development,primary_nonoverlap
XUV13Msw15e11He0p3000H1,aaab9cc5957f965a34ca24147c07c8d257e3b848dc0eee225b03a0960e88d253,cac1f99ba289d8ed1609dbf608461109858fbbfff10fd598b8e187b43c2cd1e4,WASP69b,outer_train,not_evaluated
XUV13Msw20e11He0p2610H1,4ce9b2f9bf5e88a87c5565d15960963d916351a0958d60a6f0de71d2eaf1d7a1,24577632f60553f0d9f975dd0d57906dc3669b624c2b5b370b4b00fa497f30ea,WASP69b,outer_train,not_evaluated
XUV13Msw25e11He0p0180H1,6ab1b78fbd86954063fb6d3cb13ff4e3887fc7e350eebfd168494b3bc5129809,2d81b37064222d83ebcca7cf13418efe6b932af973a46aa3d43157323465a81c,WASP52b,outer_train,not_evaluated
XUV13Msw26e11He0p0740H1,d553abb87dcc7043fa4127bf1187dac9f90ab9f413829c93eab429235eea725e,44aaabeb96bed5780fc7fe931a34fe6cd6ae4e13d29080a3d9dc6c8b7e644a16,WASP69b,outer_train,not_evaluated
XUV13Msw2e12He0p030198H0,8674e9a333442e36b08980636fa5ad5d08cd1ffd7a2a22786a9efe299810a6ab,689cb00d3781d287e87879d8b78760aaa9d6f6f5e59bf1d4ed2576078aaea0f3,23,outer_train,not_evaluated
XUV13Msw2e12He0p030198H1,3c0ac3bb40f9ae9df8492eb4ffe6a0b05e684fe0ed435d402298e4441c4ad9cc,17a8bb923044e8d15932d56f8535f84ae342ed2fb05ab704bee33c5350da73dd,23,outer_train,not_evaluated
XUV13Msw32e11He0p0300H0,3b4cfeb8bd6cefb8f3a23744f0c9ab451f7b0dd16303d5f3b1f8e842cea81cd6,a467706e01148d655525fb62c5b2b3c5044439e6c0fab63df7b98a04a14ce190,WASP69b,outer_train,not_evaluated
XUV13Msw35e11He0p0650H1,d6f92d1c127cf3dd150d13b7b04479447f74f95d6a7d4a08bc8cc9dc9754892e,5ab68367a9f80d1427cf385298fff04a37ff7c99ebaf69db587216781c5fd349,WASP69b,outer_development,primary_nonoverlap
XUV13Msw38e11He0p1600H1,2167319e925e631519cfb9574a1bfe97c356b743cc2d9bae8d5e77376e4bb183,393bf4eb295d58a2549b7b3166c398dc6cacbfaf6c28ef86d69dc0bae95dac9a,WASP52b,outer_development,primary_nonoverlap
XUV13Msw3e13He0p0740H1,ec2d9a17091b6aee474b93ed3b21c50fecada3933af895f360d1e9c05ec97c5b,91e2d5645871f0b3731bfbc3b420b861020895aede7cfa06b2ca93fb810c1fac,WASP52b,outer_train,not_evaluated
XUV13Msw55e12He0p0320H0,990cbf2e1d81a2240ff9df7f5a4f43ef4c24b73783a5b1270c7cb789e3a6dbf9,51003ce60d6c30abfb3b9dd1ecb430b9ead8104a41a4afed5483888b0d502293,WASP69b,outer_train,not_evaluated
XUV13Msw58e11He0p2120H0,f65de5675cc49e13d0097d0ee0e67e2850624a79837feea9225b5516526ebca7,2391c507bd8bce84978cb850b841f684b681f836b794f7a3fbd6b34b31dedda2,WASP52b,outer_development,primary_nonoverlap
XUV13Msw60e11He0p0230H1,09c04af443b02b0bca7bbce73ff6927b57c8350c2e75265ec017f5b3973ef74e,03bd3ee8a073777ce9edd30b92853f69ba1086ace3187fa1562e824dcbac0032,WASP107b,outer_train,not_evaluated
XUV13Msw72e11He0p0210H0,5ad6c479341a7047d82b493960c81adfc39b084685e7e6d8d5864bdb75590bd5,c64bbe0f0907b6c0af22315c523acf303e4bd943f83e968cff64f071abd56db9,WASP69b,outer_development,primary_nonoverlap
XUV13Msw76e11He0p1210H0,c3c25ca3af48cb7c8dd1a2e517f7e7dd92819ab13ee935fa91a7fac1da5b600a,a075dd20a535835e549e696d1bc7ac4f583bb23bc03408bc5232154bed9078ea,WASP69b,outer_train,not_evaluated
XUV13Msw7e12He0p0210H0,8bf881bce3f313c38a17535d41bcb27b3e48df33de17b1398ddfebd218b1411b,f43a01611ca9faefe28371f6ef1862e6f6884b8b6e879d5ec18b9d08c03b80ca,WASP107b,outer_train,not_evaluated
XUV13Msw7e12He0p0340H0,11c5985be522a38993fcd0a5d1c6cc21e863d8a2d855d85af3d38b5b18f9a6a4,1b2fbeac2a016b484cc77bba0845a21b08e019499dd06022e0b892e4c376f4e6,WASP52b,outer_train,not_evaluated
XUV13Msw88e11He0p0520H0,6f0522a4ad639e481718e2be139426ea7bc583273e4647f16b4889cf469d2284,8cea024f8f88604e5bb53a2fe59e57225e65f4d48d6822bf4b3c3be5da26dd23,WASP52b,outer_train,not_evaluated
XUV13Msw99e12He0p0110H1,bc24fefa1b214f7f279d3432e8707d1be7c204b0fd7bae79016bb54b1a6c401c,cc42cd781632137cfca130a972d25b7f441af95c9e8a8bdfac8e6a492cec5446,WASP52b,outer_train,not_evaluated
XUV13Msw99e12He0p0210H0,fd21ae9a1b4a701251335015212a01df45272f55ef1fd2bba3c0e52e72a59cf3,8d95bec91139ec9fd7b5ee102a6cba65c358a2b253e622dedf8289ba23e6590f,WASP52b,outer_train,not_evaluated
XUV14Msw3e13He0p03H0,ee9e9e9a114cc78f56d812b6d8afe62d546f586895d042ac176fcee5d2c1c434,7fce35097538a44297ff79d70b82a27fa2cb03250de9a08700984cce5b8df203,WASP107b,outer_train,not_evaluated
XUV14Msw3e13He0p03H1,7be245d6af66169b6bd1dc68e3b75b4457c0f166228189b35a2b43b0cd926d5f,44b949f88a4f6a2a380a4b140acfd8c50accc62667fdda6dcdea9510ed09a624,WASP107b,outer_train,not_evaluated
XUV15Msw14e11He0p2120H1,15a569a0407bdbb961409011267a1487525812721f560510a1065d71902e9819,e574c48f043f01d9dce00ef945cf38015d09306fd0ce44dd863e75b38f90fbba,WASP52b,outer_train,not_evaluated
XUV15Msw16e12He0p0130H0,b30fe765e12fc40d3853edf4764484d81d8c4f2f336215c8aecfcc30b5914752,40917169b6e82291554979d6487a3523e1050a9b29731ea55a7e1e519a8ccd56,WASP69b,outer_train,not_evaluated
XUV15Msw1e11He0p03H1,1d63341e0937cb6d2998641490739ea765ea3d83d8b8ffbee1ef4eddb2cb7dfd,afdf31fdd8cd1e29bfacbe98ac588e90562f973e9a0901daef718760acd98568,WASP107b,outer_train,not_evaluated
XUV15Msw1e12He0p05H0,50a5f6d75af67b7d843994d18ef0e35eaed4008fb2beac198ffcfb70fd11fce3,f51456368a82f3b7c931a8147e96641b2eeb4ad82853efc98e66e3dd35dc55a4,WASP107b,outer_train,not_evaluated
XUV15Msw1e13He0p0180H0,a0dc464369e55da0e578f309cb16be4913fb3013116a6c08b552ba6144a086b4,3764e8ccfc25022e754e70d90f202312c425e21869faad54f3b1cd2869ce4706,WASP52b,outer_train,not_evaluated
XUV15Msw2e12He0p0100H1,a73056c958846c980eee5005a686a0434a2b3b19002fc004fb0fe395976a0764,fe7df1dfa3b234c6b284444067b9802fffecaf2999bed8144a96645f33bbad07,WASP69b,outer_train,not_evaluated
XUV15Msw2e12He0p02Ew11,25351c01796ad5de110c8f3db8c6d7654851feb776dc87c8e54dfd115f0ee92e,739f2ed5e7a4ac67df0c84925dcdc1c6098eefebd45fd96d481e3a23b7ba2162,WASP107b,outer_development,secondary_historical
XUV15Msw2e12He0p0490H1,6b1424e29a6b814db67f36f6501b96a2c11ecbbfa7132f65b43ab3e58767470b,a9f17418543826d74115fa040639bd5a5108d85238f40eca0f2c6414c69fb939,WASP69b,outer_development,primary_nonoverlap
XUV15Msw35e12He0p0740H0,b0e3bee86b96e8625a26cd1315fd7732d9b8ed643f7015d0ab175ec001f73587,6d14b93d487b34242012a260d26a651fba81fd9a9d926fd35e1200bcf3ff5c11,WASP69b,outer_train,not_evaluated
XUV15Msw38e11He0p0160H1,71d9bfb9ebc78f003d8694bf3f9a3aa2f49f8e68e9782d78cb4a462d652d280c,662907020fb8e4680ada7de7638d790129432c90be4e423f0d02a95b714cfc94,WASP52b,outer_development,primary_nonoverlap
XUV15Msw40e12He0p1130H0,546e6fcb48e764a99f3a6c7088997a5b6c051047018275e6e2bd02da53082809,443d085fad127f1df2dec10472ccdfd8d0241c9d6453bda5bc3c61a28c1bf20c,WASP69b,outer_train,not_evaluated
XUV15Msw47e12He0p0980H1,4a54d83c3fe805ee4b4a9ca29d72a4c23530bea4fe7b51133b77e80fb9961fe1,e551c344cc066cdee53439a71c0f6b79efc2a6180998de7afec2a059089d74a1,WASP52b,outer_train,not_evaluated
XUV15Msw48e12He0p0340H0,124774bc5543b9dc37d449ac88b7179d8b5d14cf7176e61d0a454e03f702078a,ff8c21294489de40ca3bdd44e37556715c18f879f59c740a657ddcbea439565c,WASP52b,outer_train,not_evaluated
XUV15Msw50e11He0p0520H1,81124b5d4e3662ef7c6d8724f37d89a0184ebb329ebf90a921232d7b797613db,d6ed2c7d338f1b189f2f3e7a6e0bb7c574f5248a8d52f86ea59e943e3845b072,WASP107b,outer_development,primary_nonoverlap
XUV15Msw58e12He0p1490H1,260701d20b7c28f37b6a8e51ea97781876aca40c23388f58bb31c0bc39174150,cbeacd497db6b74fb50f4ba86ab05c723772db47fb32c6f4473ddd43fe3a9d0e,WASP69b,outer_train,not_evaluated
XUV15Msw5e11He0p0690H0,2388efce1179b945644e19317f417d2207927908b3bd493d66382c02f88f8c64,0a17f30408a360920d0992491f5170d0d9e814000271ed434d8a7140d02d6ab8,23,outer_development,primary_nonoverlap
XUV15Msw60e12He0p0100H1,96ca406d0b6053bd1c0128afe8f6067a1512183e7a40e7a163dc9cce0e56717f,e0ac86d0a49c1ee8105c8c64fbfd7e02841e04a3cfe6d12ba5ffd3f8eca50228,WASP52b,outer_train,not_evaluated
XUV15Msw62e11He0p2120H0,70d7d0b11daac4c4246e4a282217166c3a04747ced1f3394f80bd3a07575366d,5f3df40ded7eee39a46ac2c1554963fa17954d0f00aa056a98406921aa77f3d1,WASP52b,outer_train,not_evaluated
XUV15Msw62e12He0p0600H0,02220eee0610c5a06c93889c4ab6a2ad118777f2fabe6fc2a2c01844c026c3f7,abdf51dadd127d3f79b42484a8b41de322ae63a1c6839af19be7ff3f6526661d,WASP52b,outer_train,not_evaluated
XUV15Msw6e12He0p04H1,490a06fa7cccf90d0d9049085016b7db49c7759bf3b6f88f4e7a420488ef55a8,033e172a77a5a39d109957949ec5112f7fed7a041e5b0f815a0c529313054c74,WASP107b,outer_train,not_evaluated
XUV15Msw86e11He0p0650H0,d2d6f4d1362c9a515f616f716a02ce6fed4ab37db3975179fe86ac7868953e57,d7cb0e37ebe75d334fb1452bc3b9c75eb0dff183ddd9d1838e27a7c240a1c80f,WASP107b,outer_train,not_evaluated
XUV15Msw91e12He0p0140H0,1573d5bf27991dbb1c0ebcd87cac2f549d1606d48cccbfd7377a2f6456563bca,f0d17054ac0a87cd466d1810b77d49821507763389a709d6f8c72b020442cf68,WASP69b,outer_train,not_evaluated
XUV15Msw98e11He0p0200H0,9177cf19d58a43c31cd2302292ec968d6a6e8cef9f3025946fadeb82be2ae914,91def54cc6916e2e6c7ee09f740f53da7a78e5713e8ee72161e858e2b896a81b,WASP69b,outer_train,not_evaluated
XUV16Msw14e12He0p02H0,9a436dee82472b1263022a1618dd4b0c814ba3fa70ec8bad8ebb4fde6d65ba61,4997656f36ef5407779edcf28b66031ab03d328f08f33d0a7f9a402ab10485cd,WASP107b,outer_train,not_evaluated
XUV16Msw1e12He0p05H0,c646bd31f188f4b80bfbc7b3005791e1c326844e40b142292946b3d849af6018,7e0852f9bfa1fa056a2b914baa633163eaacc834dc1297c3bd7afc15a3464b47,WASP107b,outer_train,not_evaluated
XUV16Msw1e12He0p05H1,fb1d6b9d5c45d63cfa19466745b2db69afb1be9dfe2e1668ed1f6a86601720c1,d5a18bd5c907835161bb23912083d48b5e9feb1e2f47004cc19978772aaa0d10,WASP107b,outer_train,not_evaluated
XUV17Msw10e12He0p0110H1,6376507ba3c515323d48a4b42f028d84354cf1fe56b78f697e8062b9c9409e60,a8e3e842dd7033e6618de318423df3f679163831a95c7d4e1f1f838a0da38d29,WASP69b,outer_train,not_evaluated
XUV17Msw15e11He0p0340H1,664d1d4855bbc68a7e600c8298052cbcf5de4ff95a70c606721d53e4e88cd01f,d4867ffd3ed456d81bf41e8a282fd5c21e70c56bf16494d5342efb5b4c990308,WASP52b,outer_train,not_evaluated
XUV17Msw31e12He0p0520H0,94fc9edb0c2ef6fed9d466dcfabac6970d55cd29f878e4d01d0d80504bbee866,88cd288b299cc9a1bd05307ca738661d0a87d5a109792febccb8dab45723bf46,WASP52b,outer_train,not_evaluated
XUV17Msw4e11He0p0140H0,3b5e78225fc46d740fe6951481ca72922cd38ca06f972ae2b18aba48b0d2edf3,4176bcf8e51e0b500258a1deb551481a179a07395265e0808838aa81c53bb9bd,WASP107b,outer_development,primary_nonoverlap
XUV17Msw4e11He0p0600H1,d403577f17b85b85b12e9c0d8cfbcc6c6c89745335e6211309286cdeffc8061d,57bc3eaa35fd968fd422f6c308a904824cea3cfc21bdc9307e3988a92d38f955,WASP69b,outer_development,primary_nonoverlap
XUV17Msw59e12He0p0160H0,3714796641ae444693aace9d243f57c1187204e80895dd10351599754b41b8d7,ff000ed078cc1e2f012a64346597655510f06bf57dbda312df297a15f871d420,WASP52b,outer_train,not_evaluated
XUV17Msw69e11He0p0140H1,e0ec28ef4d2c773697e7b64fc8ae25027ea9a9e4052caa12ca47b6511153361f,4f00f6586b9b5cc62a3f16dd22608a49aebf12bff14beaa01e212d2bdea6e98d,WASP52b,outer_train,not_evaluated
XUV17Msw70e11He0p0240H1,23dec6bb11b02e5879e58a5885fa78ea69b5b08ba1afdc9a947183864c5bf2dc,f6edeaa0671ae9d5bbd132ae1ff6a449bc063ca40f320e6967403b321b394de1,WASP69b,outer_train,not_evaluated
XUV17Msw79e12He0p0600H0,ddf071e4659b41b3041c52c0287a7eefd9aae7cf4c5aa058e8d42d14290b42e7,1066ce5d6c20b74b46ffcef952cb2cb2284ce2949a8551f1a14b1e2e09741458,WASP52b,outer_train,not_evaluated
XUV17Msw79e12He0p1210H1,c1fc8007f04e41acea0ab7702d9b06394281b1730a3f50262bb1d00e079884c5,c49e160b5d5daa63d4155e032518fc7dbd2cdd7d51cefca31326886473530e72,WASP107b,outer_development,primary_nonoverlap
XUV17Msw80e12He0p1390H0,3111e9febd9c904c308411da4d330a2b96d0a3a6085b26d315e4acc2c03fd75d,7d911cf4e1067c6a4f350d088b02d3018b71d61ac7bdd06b68b81b520b284810,WASP69b,outer_train,not_evaluated
XUV17Msw86e12He0p1490H1,b001e1e6f5b100c5140690199e3f8fa5050a8833b99c9f071ad642d2b6102832,bb4fbb69aa60188259f3384c81056d9058463393c99d64fe4b545c00379aefe2,WASP69b,outer_train,not_evaluated
XUV17Msw90e11He0p0170H1,2f0dc06362f1052092a382378a751f561a498f61e86530a241f9e50136169577,c87963ba4533ae83205a2363ee7695ed35643538aef8d9d4817450e721ad0bfc,WASP52b,outer_train,not_evaluated
XUV17Msw98e11He0p0690H1,712c820b7efe6513670d3566bb97759983a8e6b5a2adf35f826523f3a1fa5bf4,f208a562c928ab51e16eaa4513c74ab64c0107cd6e308eb3cab0179e73e25835,WASP69b,outer_train,not_evaluated
XUV19Msw14e11He0p0560H0,adf25b5e3ac561c3469217acb4fc661e4bf30e611608d17cb0cffed654cbe3d7,b6d51a78542f6af6a5966a4e925dc0266941008c665f7560d157c93d55306669,WASP69b,outer_train,not_evaluated
XUV19Msw19e11He0p0210H1,18016c3ec33903d7fd32db74ad52d7fe376db63048060b6a7a268ae142236962,32ef81e4082a6f5f2f2de890a8291efc3e7b7c72bcd9934aae94ba120471cb61,WASP52b,outer_train,not_evaluated
XUV19Msw24e11He0p1050H0,7e73088e89abbf49fa9b7a517f72fbc42dae7a06bd295486a07d6ea919d74ff0,9d17eb0531c0e7f135bad7c415dacfd778047942dbe226d850431b5d7d226f61,WASP107b,outer_development,primary_nonoverlap
XUV19Msw28e11He0p1390H0,83eb07f6a2a0b4686fced187f5d5e07f0a4b5ed3f0b67250ecd01383fcbe9564,0b49513b7eb9b3117c587b03094780b0b65c844c03a07478f8765d9e8a3f2105,WASP69b,outer_development,primary_nonoverlap
XUV19Msw2e11He0p1210H1,63c32bc35207c4c7fd0f2966e9004e5e0a10e087bf6e1e73c27eb3b12ceff473,68c7b287cdc13dffcc6e2b368d2c3a6828a66d4d9eb655f2c452e84f331464cc,WASP52b,outer_development,primary_nonoverlap
XUV19Msw34e11He0p1840H0,5bb47d0bcdf19243235d6d180b17d81f17dbb82b3d7a6979da733c32146c7300,ae8238b907fce77d3ed18990ee8aca2dd7f3ad0aaa69dcf1856c3906c5bb067f,WASP69b,outer_development,primary_nonoverlap
XUV19Msw37e12He0p2790H0,75cbf1baa25e94f1105ffeff203781b4e5ed48958a238e4c3ac7390346d1bc88,91143c4d03b482bc728bb8e9b838b32606e7a57727f1b4aa8b47a8a2e63b7a80,WASP52b,outer_train,not_evaluated
XUV19Msw3e13He0p0860H1,be391880d62ed3bbfacdefe8f356d54fb7d6dd236d1d55e86762bf2acd09075a,0b169c64089f27b053117a33d57f5961f60407c6507f105f23ebff9e2794c2a6,WASP69b,outer_train,not_evaluated
XUV19Msw41e11He0p1300H0,92a754ab2bb29523bcabd672a97b67c5ab9a511f6d9f356f2f7e7778569a4aef,46df771ea896d5fc5b2b776760e6635d5f84d09092208135ee3f0624505e57f4,WASP69b,outer_development,primary_nonoverlap
XUV19Msw41e12He0p0280H1,3f2659bc6e81e32ddc071b279070eb996a41398bd2f34ba2898bf9b1e14b0e10,288d105c6b01a4f0dd92f5e9c7d5aea9ae296b2d149acedd6a1c86ab9156e9fa,WASP69b,outer_train,not_evaluated
XUV19Msw42e11He0p0370H1,9602b889a4517f27fa1ef83e8ff7f340b99370c020566e18f6ba6fc0d64135a8,82a304dd6a007254d6ceae999b78ca327326e2055cd7ad91a91c342afbd0b700,WASP69b,outer_train,not_evaluated
XUV19Msw44e12He0p2430H1,791b59213ca8efdfefc9a46504bb834c7a2b44c86ad0bb08d0f7802caca202fb,3f8d9993cb68f94c0a73220b05c2e03d049666c3a0e05794d6b8f53a4da87aa9,WASP69b,outer_development,primary_nonoverlap
XUV19Msw51e12He0p0230H0,c133f439ff569fadeb665c30f9a621f07233e482e386d22b55b7b9905b777c6a,96cc364e0b5b489412873a5e944f23b0b8e3014f1480aba61940c9ee6f90c551,WASP52b,outer_development,primary_nonoverlap
XUV19Msw63e11He0p0490H0,d304343ec902a3721f9674bf347ba56f6d836cd60a386c0b10050972cc898fd1,e29cfa9f70e9e2ff8d55f488ed6b5d4fa077ddd50da2cffd41a5ba54091bf9e4,WASP107b,outer_development,primary_nonoverlap
XUV19Msw67e11He0p0860H0,60985b472d26350093c59466ef602fe51d04d041d2f5eaf9ab223a189ed9483d,6f895b55a31fa13a342cc794e832e6e5469314f54e56830c84577fdd10a79815,WASP52b,outer_train,not_evaluated
XUV19Msw73e11He0p0120H0,7d07c3b7b5baa520620becca3b019c503a2114898ec667bf3ab9bac7ea8befc5,ff9f6fb6a185376423b68efc0fc600a044999cf9d8c6f65bd1e6092bd09ee380,WASP107b,outer_train,not_evaluated
XUV19Msw82e12He0p0980H1,85317eb2ddea6e1e3be9fec087e86546437e4aafec8f016c98fd41e130e9f07b,698f862334f519dd3077712ed1b2856b75659d48338ddfe85d5d69e305681f33,WASP69b,outer_train,not_evaluated
XUV19Msw95e12He0p0320H1,59226f8b3cbc3298c91af4aec2ae327d595a8f847787f5d3520e117867f84a51,59ee41afb8129f9c5e5fd1df44825024ffc00b769006c49832f0fdefceaf11d9,WASP52b,outer_train,not_evaluated
XUV19Msw96e12He0p0420H0,a743df23ef448de9d71c54d8576b629bcffbefbb2be3f966bb8c73a7278a4245,d3607532ec57b1ebf8685928936baf22fca0767f442d39601bb1df22a8d3772c,WASP107b,outer_train,not_evaluated
XUV1Msw12e12He0p3000H1,6f9fe4ad4bbd548fc8c180538322ce0f74a9c5ba73764a8effd560379d5d433a,d27fb719c7ddbafc30d6f9052c6267c3fa1653c37d43ff9471de1b0788d7365f,WASP69b,outer_train,not_evaluated
XUV1Msw33e12He0p0520H0,aa6199a77822fc4ac820eaf17dea191c973ea72d8dbd4268be551b28b7cd8928,e4783050795783a5bd44e62e12a11902809c37ad760b2a93fcc9d3a05d325932,WASP69b,outer_development,primary_nonoverlap
XUV1Msw39e11He0p2790H1,2fa3030e5edd76426f9f8ec26764ee478a3d1237c7edabb2f587acfb7ad492c4,7c182275a4496e6863c3f20e2bc1ef72409862fa00b915f114fda2f30653badf,WASP69b,outer_train,not_evaluated
XUV1Msw50e11He0p0740H1,32f0affc4127c67838ef9916a04cd759b807315830753b43ccd00fa192cb4d63,ec8b1043a3354149087eec68dc47f13e3532dcf4a520cb8a196140d899bc243d,WASP107b,outer_train,not_evaluated
XUV1Msw51e12He0p0170H0,4a49e16dc04b9e9fd47d3c9f800409e30e2954dc621ff8d699c5b0646f695855,64d910acad9f3a07e97bd463c73a02f9ea162ad02dcc9697defb4e2cf4920e0e,WASP52b,outer_train,not_evaluated
XUV1Msw61e12He0p0740H1,23ed25ff07f8c643bbe02e7b67b15af98b43151a08bded9fecd507871f7f9e06,28bfb28fb58dc1765a3ac4a64d3d197a4fdef040ed325c27b4b6282c2cb7abaa,WASP52b,outer_train,not_evaluated
XUV1Msw62e11He0p1130H1,781bffd1605f9632961f052acfdfacb468b6d377c7f6e562e5adaddbaf37d385,8268d75265814261f5fa007a67e2cff1cde7b13152f50ef3e9552676c64d1149,WASP107b,outer_development,primary_nonoverlap
XUV1Msw66e12He0p0230H1,2ea5d0dbcc95ea07d80972e69729dfb8dd305f859f9863c053a426d50fb169d7,7720fd3c8c94a789a89d5b840f7299c7b3483a25a4ef0c96e19c6082db4fc182,WASP107b,outer_train,not_evaluated
XUV1Msw68e12He0p0150H0,9df66a93f37d50324fe837f064cd0a807df1186a9cc3c5df1313441f6b188f53,d60cd71c4e18eb49ca4a370a85f3d205844d1d5af170b1e268146f57bac24980,WASP69b,outer_train,not_evaluated
XUV1Msw76e11He0p0650H0,2723569d1c1386eaa8146e7eb28018bef4ca37b3bccf31c32d5b7f53cb5bf4e3,6615e3543191dc072466f1f6556dd285d22ec492fd7d37a333dae7b4a5c36954,WASP107b,outer_train,not_evaluated
XUV1Msw77e12He0p2120H0,3c9f690ddd537f232262ee07ffea550b7a55fe084bbfe249480295e8e05990cc,28c6ff35eab8564428afe9bbd3f5c406b2c61c672ae9b519ae9f348dad6636f4,WASP69b,outer_train,not_evaluated
XUV1Msw83e11He0p1720H1,03b99db2252010042898a67f067f8c4f9202e4a6baa320b1d879a631e12a3b09,b4d19fe8a5ed65e7d232c44d234ff641467483646100900b824d31b261c29fda,WASP107b,outer_train,not_evaluated
XUV1Msw92e11He0p0980H1,b59ae9a39343056b1a8572a34409972d7c1825ad0e758095ad76d67a589d2921,973e016129134f892173982329ab77c1426f2435cab42da1e76de1211d987802,WASP52b,outer_train,not_evaluated
XUV1Msw92e12He0p3000H0,4cfa2308a6fbde470b071ede05961085d4c49b4b85ba30bec20ce69eeb89d664,25f4206cf0f0fc12ccbdaab7b70acd987c2dbbeb30b61792caf10fcb49d546fa,WASP52b,outer_train,not_evaluated
XUV1Msw93e12He0p0110H1,060c9b4b88303537d55234da3ce38c791e029221019450dd68e1ca9d3c279484,e1bb950101e9a2f4841546815407683789c13da2e932cab7c395c1fedddfbda0,WASP52b,outer_train,not_evaluated
XUV1Msw94e11He0p0140H0,8b83456fdf391c66c8f712ed1f10470fa49524de149e6a9e0a13fa8554a36205,f3af71b2a6a7a2d999428a6861ac3429365ec56be026668f826b2da7e0740c61,WASP52b,outer_train,not_evaluated
XUV1Msw97e11He0p2270H0,decf394ff764ffd183ea75d6cca57107c2a44017970b7fc772919d38dafb9f65,5c312dfe57b97f9324e88233cd33c267080e5279af370becd2367c77ecc52096,WASP52b,outer_train,not_evaluated
XUV20Msw14e12He0p03H1,3ab4c1289587882035e2cd900b9dbb25d72936cf171cd864328c331db58178c9,40e416f3bf7cadcaa79aefdfe9b93eeb21a6fad3e8fa91bd5ed8b4c14cd07c4c,WASP107b,outer_train,not_evaluated
XUV20Msw2e12He0p03H0,345ec05d8f3c59eded38771db3f88e3af31c9b88a6ba4e2c534c2b414fe76338,18f9cd08998e2f6cb1e4686b5e6a710447c29cbbfc83a381fd942024a4cd38af,WASP107b,outer_train,not_evaluated
XUV20Msw2e13He0p02Ew11,25351c01796ad5de110c8f3db8c6d7654851feb776dc87c8e54dfd115f0ee92e,1929a32afa3be3f83ca08a8b6ce4041ef729a0148384444bf092208248a89250,WASP107b,outer_train,not_evaluated
XUV20Msw3e11He0p02H0,e6f693c4a0d685898a88e6166259c54e314df8d42b7dcc0d1c0f623def5ebb6c,ae8c21bdb2ccbfe56d3e1ce6bb3e801e416a812c177670e1de19e8553ba4ec84,WASP107b,outer_train,not_evaluated
XUV20Msw3e12He0p03H1,3ebff08ac822754ac082fb76b7cfada5fc323beffd4c3b472b7a880a44c49ba6,4204b46399d940269c3da903ef857a76217a24b449f36dae6ed1f23dadce6e9c,WASP107b,outer_train,not_evaluated
XUV20Msw5e13He0p001Ew11H2a0,537580dff8629fa374cf9ec4217dea0b663965713234e5ac193a8ae7d4005956,1929a32afa3be3f83ca08a8b6ce4041ef729a0148384444bf092208248a89250,WASP107b,outer_train,not_evaluated
XUV20Msw6e12He0p03H1,4b79e6f4807964aafa59349affa14ec1aead3fd96ab75cf04601c46623e7f62d,7c1c554da2d2f47309b1f586cd3508abba91098811c3b312c46e3e808d5b2774,WASP107b,outer_train,not_evaluated
XUV21Msw10e11He0p1130H0,948623ac3ef1c0b178b9af6cb1bb2bde23de2e9e67112e384a9c9df15219240c,a6e9777bf44de030cb99a5928a46d8a30adbbf2a9099e9c576dfcd5d86c185be,WASP107b,outer_train,not_evaluated
XUV21Msw18e12He0p0860H0,c77a61a559c529bf320c0085b8190c135a7e8295c3369aedcff6f8741d651b1f,3d9346f1f03bf4dd48a9918b5d9d75195f92770c17d71a88938002cec79105a8,WASP69b,outer_train,not_evaluated
XUV21Msw1e11He0p1390H0,2a825f15bb4238489eccf16a7275386b621de287b7028067cfb5d448ea5d96ca,df499949a199a729eb428dd6f1ec94eb4bf3ea1c9b846fd6b6cb16eac997a6f4,WASP69b,outer_development,primary_nonoverlap
XUV21Msw25e12He0p0100H0,3277b95487a0bec6418ae562a603ae6f8ad212d9a7ec89257097387c5b492b31,33cfa40cf6e5a4cf73e573088dc4795f3712ff26d93647c208896a16b31f8cbe,WASP107b,outer_train,not_evaluated
XUV21Msw27e11He0p1970H0,272013a61ed288bb53b88e49a8e173acebd3ef03f8cedcbfbb6ed3ca10d26c92,17e09b3ff1fe7cdb1bc4f4b830147c6d5d073bda06f85252cd8a74aad3ccb7f6,WASP69b,outer_train,not_evaluated
XUV21Msw28e12He0p0130H0,2e8a06cbb2f358c99b2b3bc1f9fec4a9f3c37328f0baae69eca1413cb7fd155d,815b4c5f4fb53fcca707301142f6b9135c8baae6dddbe23d1e8e4567af0ae007,WASP107b,outer_train,not_evaluated
XUV21Msw29e12He0p0180H1,81608323cd252326244757416378387442cab57337b422e66d4a3f1f6c25af95,dae74835a889436b8d2bf3e7dcc3a9a6bef2e50ff4c4388983fb569ccf94e013,WASP52b,outer_train,not_evaluated
XUV21Msw31e12He0p0920H1,53993cd8d7dddf23ca9e7facadef6b8caf71db2091240bd66bbab0bb4a5e44e6,3145f5c37fda24135c0721e8dc801d9f77d5e903e00c3805813060b10b051fcb,WASP107b,outer_train,not_evaluated
XUV21Msw32e12He0p0170H1,39e7cdd775f5981754d023b6cf1598e55004090d16d4b15de010061e9c4b77b7,aa9a489d111919dc406ed492ddaeab5bad62fda77dc64f05fe9b305547ed91a7,WASP107b,outer_train,not_evaluated
XUV21Msw34e12He0p0980H0,a69689bebfb75f0598498783ec70cd518c214b02df1ef0a3ddb65c71ac6689a5,61da4b024909352312bb2b2420c290b01bfaa955350625e03b7623ff8399e0e2,WASP52b,outer_train,not_evaluated
XUV21Msw38e12He0p0980H0,a066ffb8015d9e3b856cfe291ff33ffcbd612d2c772a70b8c8b96d54ee753479,e79b8b398df4ec831d64b8090e572965b0fb068deca0a7dc3741c371d8b15008,WASP69b,outer_train,not_evaluated
XUV21Msw45e12He0p0280H0,c02e0c03d19804852375875e902527c2a26d68352c7c5eb7242683887042daa5,fd37cbff5bfb36ed116e4b732b1178b806840100768a39182954187fb743a842,WASP52b,outer_train,not_evaluated
XUV21Msw47e11He0p1210H1,6fb60acda44ec97a258c1cdc02a02ea63fd75fffa877e6ef77b38b32682f617a,efc08e2480d9d9dc0c2f076644486187f6417d2d4d3cb004d36396957cd541a4,WASP52b,outer_train,not_evaluated
XUV21Msw4e13He0p1050H1,ddd6c87927eb11fd0775511a788f197c7c885d367c3b23c18806f78d952ddcc3,fab5a665af8f6683145d8d11194e7c28e83a0d8c28cc167ee0d4b6fe922610c5,WASP107b,outer_train,not_evaluated
XUV21Msw51e12He0p0980H0,2617ec9fb10111c4659184a266733f2d99e28f00667bbb23850b588137e39bb1,ad5638518f203f4975ab1d1e84a247f78eb7fc3939ffbd1852534fd8712ef9bf,WASP69b,outer_train,not_evaluated
XUV21Msw57e11He0p1970H1,aaf5e81b97388d923b79b8840e424175cc9de897578214e3752abe44edac47f1,6066fcd84170f4df3b3265ca6dbe3139c194ffc93f7c2d67786e19de2ce6a889,WASP52b,outer_train,not_evaluated
XUV21Msw60e12He0p0320H1,82f86ad7b14f504de9583de5e6e5784f75e3af381ce0874db1c30effe77663bf,f03dc8652ecaeb747febe581987910a8769a826e54f35bae60bfb1192844a76c,WASP69b,outer_train,not_evaluated
XUV21Msw64e12He0p0240H0,2f2e3832d788fc39b186d6434967a6a5f28293d250c7c9d4f9e9d5cbe53562fd,2bc7043a414d5b4d26537686ac16768a19cb106027ee7db7a90f52da081b228e,WASP107b,outer_train,not_evaluated
XUV21Msw68e12He0p0740H1,6dd238dac4c763d3c172c46f9439f0ec7377f99fb4b6d5d19df00ccee1ec5e35,f3bfdd175cab926ac7e9c42f71ecb3b30fcd7db3b7a936845920679fcdd45c5f,WASP52b,outer_train,not_evaluated
XUV21Msw73e12He0p1720H0,6a6a7de1faba583d7d56b232df5484102b40bf3ed0a9bc56a6f49e16c59e278f,fbe31fcfc34fb845b5f069ed8e17e8a99cefea033d482521fcee9b35ee73d7d7,WASP69b,outer_development,primary_nonoverlap
XUV21Msw79e11He0p0100H1,23ffc9de46cfd5f82ccab41bce550fb907b7ce6b9154a5187c0119dbea216d6f,84e1636a65aa9492c19e0a7ec44edb34abd01695c5aac342d8a0806aa3422ac8,WASP69b,outer_train,not_evaluated
XUV21Msw7e12He0p0980H1,cab3c865473708211dc12b6ff1ffad0abae38d5b2f0ff526b7d5bbe7ff47e379,9649d83a259dffee403cb76b861c37e662df0718dd72fe190b7070317d4716a0,WASP52b,outer_train,not_evaluated
XUV21Msw85e11He0p0650H1,e7f68ec3538b1a8ea537b8365bc18f71fb8f431db0866d0d85210033147ed4b7,048601a1ead29f11adaa368410e548e1690f4cdbf68abd286987ac839911cc54,WASP52b,outer_train,not_evaluated
XUV21Msw93e11He0p0210H0,b6d8ae709dc9e6a3205e802d00757eb6ad61c6891c0cf4da787e637292280c5a,2664d809c1fec527599fa3f4d7e4a48f60e4c54ec95e51195b0e553356dd9b5b,WASP52b,outer_train,not_evaluated
XUV21Msw95e12He0p0200H0,a7d8c27ec62c4bc888f9ecc07f18d9f7e5ad4e366f6d21f70f4e799d20cb3be8,4e72be925ed0c976ceb7c59dd79ca65355ea4006a8335ffdb64e0d728f722329,WASP52b,outer_train,not_evaluated
XUV23Msw13e11He0p0100H0,b0dd8eecf2789cf3f5bf208d08ff351e2573ed30913b01dcc8cc7a2f6bb1adea,4800fce4a596e71b0a91d5c9742b92d40a4f8d3cd61f41421b3e6be94905f29f,WASP69b,outer_train,not_evaluated
XUV23Msw14e12He0p1130H1,d3a3eed8f5808dee260132f3ac34a02d09ec43f23374d0a0d8f08bcbc8fcb47f,f28d4c1c48513fe8c7e07027ff3a9a0fdbe0e5462c2419962f5055591e81faae,WASP107b,outer_train,not_evaluated
XUV23Msw14e12He0p2790H0,39daedfcd286f74aa57e611eee561a5e615662c3535a41971b0123377a1ed0d8,3328e637ca14ab6a08ab6e0c28505392ee9d33d79d76b0a111d8a580f9c3553d,WASP52b,outer_train,not_evaluated
XUV23Msw17e11He0p0210H0,f6b942a42f66a193575b5b073977d5095a6e29ae6175074931d2a1e5ec8527e4,95265c5f99953e218b6b274021d67d7a5fd0562a642205b9f79c9801abb8d6aa,WASP107b,outer_train,not_evaluated
XUV23Msw20e12He0p0650H0,3244011108134902fa431ca805a5deac6cc8221e82199af27bb8f79ee246937c,99bb44cc97874a241a27ac27b3fa69e139074532bc151361fe6d3af8fb396c9a,WASP69b,outer_train,not_evaluated
XUV23Msw25e11He0p1050H0,1fa164f419d377a32ff7c31098c721ad844fc59132c9dd3bf6f60dc4e880dbb4,c87d6696faffb47e99d8c5a35926db1a3e8834e76b4d0921b6b06f6950832180,WASP52b,outer_development,primary_nonoverlap
XUV23Msw28e12He0p0600H0,cc778bf4a3ee1ca14688b1941a2d92c58f0bba336b0333848d11a5b72502b2ae,54f37636bea94de200f3b128d494b7f1f18dee1894f3363685a2515d768c01bb,WASP52b,outer_development,primary_nonoverlap
XUV23Msw29e11He0p0650H0,d68bb5dab429da211182f44577949d72077b82c4584e8430952b1ebdb796f9a1,b77bcc21796796714857f2207f510ea1caf4be5647a07e37e5ea33cb29351b95,WASP69b,outer_train,not_evaluated
XUV23Msw42e11He0p0690H1,c7cd2e037830f828fa5ca3435adde5989211f0a0e16f03abdf769f31b624cf49,b5c8470fa1c8c61a2c4c6e651e4ad17d127855bd3174edf110e42990f729018a,WASP69b,outer_train,not_evaluated
XUV23Msw49e12He0p1130H0,2a3b65f23a41d46c5dcad062cc0d15a8ee1021823b001ea59278e91e2a5b07f3,60089387d8c9f21f623e9269fa3b146988632a630e03f572d349dc014e07f632,WASP69b,outer_train,not_evaluated
XUV23Msw50e11He0p0860H0,dce1f4337cd80e947097e93ce2acb9468045500a8ea8ed565ae354ea767870d9,171e8ca26b87248c11ba32aaf64939abe710c82f83b000008c7ccfc83480cba7,WASP107b,outer_development,primary_nonoverlap
XUV23Msw51e12He0p0520H0,06c69e7767e8b0ba322452fdac400fbf519df1670c4bb292b4cdc04d997fa555,9416fc5df7f309d1b30e32a0f8f896f1367df5dc668d3ecee9b2d2674f781c0e,WASP69b,outer_train,not_evaluated
XUV23Msw57e12He0p0230H0,0dcc8b37e72826c029549184ea019b52d8e1b99be980ef614d2bcac12dc682ad,7f9f77b8578ebf1d4dff3550ef38fdfe341dd3bcfd5f31ac832395529abff457,WASP69b,outer_train,not_evaluated
XUV23Msw63e11He0p0300H1,56bacd06a0336c706c9443c64925d26ff8db8923874002521e9b60a3930ecdee,05090f96e7702013e05bf7cc5ef5860292afb9616616ac07343e62d6972a0f6b,WASP52b,outer_train,not_evaluated
XUV23Msw68e11He0p0740H1,4f46307e9759bd47787c5e1d0fe381c56b6a3c1cc0ec9d7624af4a9cd154fd19,5ed1451a1280e6e8d9f57b9d835dce5425f9a2590a9901af4aed88be1a598902,WASP52b,outer_train,not_evaluated
XUV23Msw6e12He0p2270H0,b6ed56e06826b330c0dfd84e5d7798ea84e1a6229f705dbc99bd0cec27e82ca4,b4c2ec0f477f8552ae7683abc06a5328d2c890cc8c62a9c0666269ef93deafaa,WASP52b,outer_train,not_evaluated
XUV23Msw74e11He0p0600H0,01b65c7cf4bcae9e0a0c28557a3b1fdd65b53eaa44fb489f5b807058b934f6d8,f4126a8e01b99e1001cdad77773305cd2bdc29a1c614e08239847a36104b2dbd,WASP107b,outer_train,not_evaluated
XUV23Msw7e11He0p1840H0,2ceae4735b11f093d6af7ac586838f1519e960230be151620951e77f03ef013f,dc026a656f5829c5d7857d0872e5c60f5f99510a223f25bce1e415a54ecc0ff6,WASP107b,outer_train,not_evaluated
XUV23Msw84e12He0p0160H1,0cfb615c15dc979d8bcb7b89b5f280ec0b50483871cdce8c0dc5c09b6592e6ec,9eff981b6dd37a7f25f32e70d571ff758695afbac5e6fb21324f56ce123db631,WASP52b,outer_train,not_evaluated
XUV23Msw85e12He0p0650H1,345ad131c355dd5dc2c5da4cfd2ec4e7a9ba88f46da5f87cd6f1f70a1828243a,d7cd9f48519ca15eb9b20bea65ed9b0303a7a0bfbdc940598e4e5b4dca8b30ab,WASP107b,outer_train,not_evaluated
XUV23Msw92e11He0p0650H1,7e5aacc596e8db13c69cd96341b4a3316f90e803fa602f29e5595c9bc8ca3f89,9a690e1716331b89a171cf2c094ec95b8326abffbed85eb9088e9fe6cdc3c0a3,WASP69b,outer_train,not_evaluated
XUV24Msw12e12He0p02H0,fe0d99b6b6508d198fd8d1384dc9d2239fe113d220cd38d72a61fb5512bb6089,1f3c902855970c5734b97c9cbf66daf63e4258e650fb82207bbe7f38d46b5a55,WASP107b,outer_train,not_evaluated
XUV24Msw12e12He0p02H1,4e3aa375b1478030111bdb882c9a6029715437935a25286482d2664259118bfe,de36deac5869767580bb105708295298338ffc5da5c93fede5d59901e3fc3a4c,WASP107b,outer_development,primary_nonoverlap
XUV25Msw10e11He0p2790H0,5c845604de986eb1c83d1569dc13bae0b4ea83cf7ae1148d99fa247c59a22f7b,2c9feb0a2a208c52bccbb5c1df71795742353f27e8f9a0fb6a05daad70d16ef9,WASP69b,outer_train,not_evaluated
XUV25Msw10e12He0p0420H0,964d68262d61c436036282f020d026482771a1e781453a4d509fbca9d30abf97,d305f96dc92cbc4e0f7efbd27229c91f1db81d20ea4bae64236fe23fc96ca27a,WASP69b,outer_development,primary_nonoverlap
XUV25Msw14e12He0p03H1,3aa0dd0c62f4163bd10793320ee7880e4ddcce257b35a45d081360d5b59d30c3,32cd69786ac886a17985c1e4fd1c500c65c33ed5a950da85dd57910eaab5606e,WASP107b,outer_train,not_evaluated
XUV25Msw15e11He0p0260H0,f941d678c29e81daf54fc70f3cb7178d097e18dcfe0d670f8afd8ba0ef4dd32f,aca5ee4279f59159652cd83df74ae3f10a5cf8d77994e0b78d945670077ad80a,WASP69b,outer_train,not_evaluated
XUV25Msw1e11He0p01H1,d49d88fe212d84ae022e915f33800fe533d68405eec997ba14b4d43e524a3c19,302d5c812a8a601ac831db8147afab1c6d0f4148dd6be5ffe94b906f99a25c52,WASP107b,outer_train,not_evaluated
XUV25Msw27e12He0p0800H0,31a8df2eb8f8c962ffaf3594fc24e255c178c9eb76aed4d929e3c6dc1a96fb50,c1179d5c66a96537ab3eca93dca697aa1fa0a93540a92d2db2b7a3bf1c2c2415,WASP52b,outer_train,not_evaluated
XUV25Msw28e12He0p0120H1,4a8c80261168eac7f05a1f6d0b58b0bf2a07c737faec146d43474f1e4985c759,07b9ace438b875139fbb27c6bde2e88f95e23120b5cc3331abaabdc1c3667edf,WASP52b,outer_development,primary_nonoverlap
XUV25Msw29e12He0p1130H1,c801709d6be7deadf9bc16ccf3b36e7e274b82e3c139c37a5834b7f45245d8ce,2cbf27e2b6b889d031452ced306a529aa09ab23a2657352aa016554c0e9d7ecd,WASP52b,outer_train,not_evaluated
XUV25Msw2e11He0p02H0,32ec77915da06487c463f83c0b84a970f4de492ca1b822ade68c0887f355e315,c91e0c08d8ee52e44eeca67b3a76dd37ddc128591e5d4265a9fb93b694f3d84a,WASP107b,outer_development,secondary_historical
XUV25Msw2e12He0p0100H1,e4b2d5adb2be968299e416184e0721c85c3f377937033404a59d27076c4c6f66,9b4032bbb0cfc4b3b0c3670a2c57957f55f2bbd7a719afa2418d0c91ebbfbb4b,23,outer_development,primary_nonoverlap
XUV25Msw2e12He0p0150H1,8ed595bf359d03597ad3cbbd8df2531a4c86fd250690a56f8c4cf9d077557c89,2f91a8225dd7a309c6710a1ec838a6ac4506272d907c19ba063d1b0239b6f2fd,23,outer_train,not_evaluated
XUV25Msw2e12He0p0240H1,5e6a781fb50b5d8d986a839be8818dfd5618c0950146f5820b2b1aa22527076a,beec96ef40c4c218c1a60dc2d1134047f906e8f5967110c9439181eba47c5520,23,outer_development,primary_nonoverlap
XUV25Msw2e12He0p02H0,32ec77915da06487c463f83c0b84a970f4de492ca1b822ade68c0887f355e315,2dd6f0e63f50480320686fc9ae54c65780885677037f577090109640b96be528,WASP107b,outer_train,not_evaluated
XUV25Msw2e12He0p0320H1,3c6c1b52220d648c056f065cf778900e6b7ac81c6824a0f5aa4f4c5900d84457,e507e9f6152828cb0362071ff7a8d9f2b5936dcac8acd4a6cc3dea3a86d546c7,23,outer_train,not_evaluated
XUV25Msw2e12He0p03H1,1faea9a8efe6f531fedbdc3f8d2864c5808eba4b877758159dd4c6e887a4a374,2600b564ceba39e49e7f2c462871fafba22645b16a5f6a810cc1535a61357d3b,WASP107b,outer_train,not_evaluated
XUV25Msw2e12He0p0920H1,99432877797ef745b6b1f2269ae0b282e2fddb190ba08ec182cfd63ec38280e7,b2b534ef3423d1b30d2e1159628da0f1318c5865ffa1fd63b78a6ccb39cd9028,23,outer_train,not_evaluated
XUV25Msw2e12He0p1720H1PName,03d40ad72d1125442a6d20788a67515d9802fca99d611627fe809d93927977bd,070e8c20246d8094854b63ff8b9afee1fa9384aad85252b8359ee70cad7b32eb,WASP107b,outer_train,not_evaluated
XUV25Msw2e12He0p2270H1PName,c4296ef03f7d4dcd9529ff892be20d98128bec740d1c1d0033780ae3a54777dd,df25f8b6bdebdae8b8438096c33065c8139e206dbace349246fbf90ee13f0266,WASP107b,outer_development,primary_nonoverlap
XUV25Msw30e11He0p0200H1,1f8079bfddf9e438ab72b00ef5e0abeb20291f793870e957988595fa908fcacb,94047d01f8e847a74117ab0f51c27690325197545c80f467ac1fccf3cb095e17,WASP69b,outer_train,not_evaluated
XUV25Msw3e11He0p015H1,84a4f125c19994821c755871037977d5439fb61a6b8d0812b4627d669e6ecd58,e53fbdcb033ba0930863a3dae4ea1814a0d49dafd47fd3acc99651b979bade6a,WASP107b,outer_train,not_evaluated
XUV25Msw3e12He0p015H0,00cf13c099968517d31797c87dd8665543a8e51b27ecb44dab40c7a67cf1ee55,6c6685b172dd5e44ee1a1eb14cb24325a1151aa1063aeba1f51aa9a36d5bbeef,WASP107b,outer_train,not_evaluated
XUV25Msw41e11He0p0370H0,b87c9cea8d32664a65879610673f1ba495334f2e1dca0101c3700bd466fc869f,e203617bf1e07da5dfd2ca09992cec3d0202808f77ed9f6b6c5bc52ee90865f6,WASP52b,outer_development,primary_nonoverlap
XUV25Msw45e11He0p1490H1,7c198f348d26c6cdf9bc6c2ed94778eb1737ead9a5818790463976a42a16a069,32c134cf2544fa415b333b7b2bc6fc4aee3fce0d79a6e573e0728cdaa5decc59,WASP52b,outer_train,not_evaluated
XUV25Msw45e12He0p0420H1,0b896b82aed8df666b545cb1d635215adbec72f147f287b7ff48af77e4e49a5e,99db07160b2b4dc42150a04c7904b10811dea6078e98d33f81c3e1a3246dce8c,23,outer_train,not_evaluated
XUV25Msw48e12He0p0160H0,cf516f6c1ddb65b57871f0ecde4b050a92df08da1640a1a6ddd117e61edfcce9,812e9ec395fe8c7b40e39448548557fd375911006e15e64e1634ab07701f5491,WASP69b,outer_development,primary_nonoverlap
XUV25Msw49e11He0p0420H0,e00cff369b4cd4e28b0110501e8e0f4a70a9c3f3cd2fbea82d30756dbe143f76,a97fdad1a5cd3f21110c3b569ff7cc234fdb69fb3a890c1e0000559927c22035,WASP69b,outer_train,not_evaluated
XUV25Msw51e11He0p1840H0,4ab1a67a33b71678f7ce800de0dd2f0412f84934c79a075c216eb7add6bde1e2,89edb69677ab6541bc345d4235cd00b044e964453539b3576ab379b8af4960d0,WASP52b,outer_train,not_evaluated
XUV25Msw59e11He0p0740H0,86a896a5599e8a1fc2ed5af9e5121510a185bd277b61bf4300197f4100b73290,9c888fa8c78d2606eebc6eb629a9af293d25bd066962ca69950d2e93edc84787,WASP69b,outer_train,not_evaluated
XUV25Msw5e11He0p0490H0,1710f47d92b7f34e885257027eb81503b8100d00e67c0ed9e65fb90de9acf1ce,aa8a555fa63a91a51a2955ca30d87426fd6c3047b58365e371a49928a1bbe476,WASP107b,outer_train,not_evaluated
XUV25Msw69e11He0p0320H1,1cc269d8f5111a00ce514f6768f9491ad00b4d7224d528a06a49b43f29dc2ef7,68cb4af877d05d6b20c103c4cd5fe366e3da31ef8eaa575ba29dfdcb33ffe882,WASP69b,outer_train,not_evaluated
XUV25Msw6e12He0p03H0,53c4d47ee0825ac543b0ecd75fdc04bdf258eb18f0dc3df35dfd90717f2bb178,a9781ad16691da7845d04bd39d1c704d064654efe5a65068d2baedf7f9251184,WASP107b,outer_train,not_evaluated
XUV25Msw71e11He0p0650H0,fd48e3280239f8ff7ac30bd721f4206f40ebd1800099282faa122e94e5bf19f1,a6106096316df8d6bf1c9722f98884e3e84e3630033780697e8d2e86ba172a79,WASP69b,outer_train,not_evaluated
XUV25Msw86e11He0p0300H0,90b26e973524b0f3a79e3425f912db73482123c820bd51b4d353b4b72aae30c7,b340c3d0e1bf8bb10fe2c7c52599e1eda28d56b1a1cd8880401a8b4669cf8c51,WASP69b,outer_train,not_evaluated
XUV25Msw89e11He0p0110H0,ffed0908a37af6ef32fb04fa3f738e40080e3066893ac9b88189760b0ac6be6f,2ac2850996ff311fcd855ceb74c28d28cc392464f918e31f6a338f6ca3ba91e9,WASP52b,outer_train,not_evaluated
XUV25Msw99e12He0p2120H1,a29eb965a56f3adedf7f2ed67c51ff71a87406f64a9a879bfa6e89caedf87f11,fe26fbaa3f33f4a3bb530ca2f3eafae470525f3726f20cf33116dbd43a33304c,WASP69b,outer_train,not_evaluated
XUV27Msw10e11He0p1300H1,c6f43b85fa55f98dc03b21a07086a8a617350311e203c4c788dcdf61cbe28d61,38614387d528ad118fd685407eea01c66b2de210758e8ba10ff1e66a37dbef85,WASP52b,outer_train,not_evaluated
XUV27Msw13e11He0p012H0,a7a3a9735c271a105c0558839da862c5b9c276e5bd39cda634204be84c5294e0,f29f3f377f1ee7ed8dbf90a981f429d2f0dcc53107d4a02a436d2b3e783a411a,WASP107b,outer_train,not_evaluated
XUV27Msw13e11he0p012H1,2c60c0b002e97d482898d6d87f25bdd38f81a1886d55d8a6108be05def709732,2bd43ac8b7b74f439ae7871dc74ec5b64523a8a631ac220e2e007abeb35995dc,WASP107b,outer_train,not_evaluated
XUV27Msw18e11He0p0170H0,8d2347f1f96ba85a5e57c6d574eb3f895da19eb739c48fa886db8fa836922236,2b07930869733ae55821fa4cc25bafd2fe85f02043223d3d0bd903ec1ef3656e,WASP69b,outer_train,not_evaluated
XUV27Msw19e12He0p0420H1,d88cd5b6c81de24983b6eceeb8d0485098db986ff36efa6206595dd692785370,6969d0c80616db030ebfe6135b5aa1d99692627f2fd6f7f601c0b36740718685,WASP69b,outer_development,primary_nonoverlap
XUV27Msw1e12He0p0170H0,cb504a38e6f64cd00278a882857aeda87f291cefaf2fdfadb41b21aa29cd59d1,f2daf173bf6fd4496de40d971aa35e51a5fff44b76a99861bcb308b8f5bd7232,WASP69b,outer_train,not_evaluated
XUV27Msw22e12He0p1840H1,a86411054d8ff5e8595ccf602fef0266269c2945505f41f27a7a31a6dc73b09d,41392d80ff1bc5b9b4682d97d1b0d7b1f421c03e1eef3955e3c345077e6a4967,WASP52b,outer_development,primary_nonoverlap
XUV27Msw27e12He0p0370H0,37d1cdae51558523728f56ae7a5f0b001c4f867dce31f9ebde08459790486d3b,e0157002bf2fcfe32a66cbcd79416cb34bc7db50846e460fe64fcdb7e9f1b18e,WASP107b,outer_train,not_evaluated
XUV27Msw2e12He0p030198H0,ab9d99448255af646dde19d38db94f09c33dc3b409eee9f4e23001a885828ac5,353147b95af9deae24a36dd4e3901e6726887883d41d70cfbb3d77b83963c32e,23,outer_train,not_evaluated
XUV27Msw2e12He0p030198H1,9312c9db67fbd34ef5d8b00fe76f0891c9dd8611f0eadac6420641c0d450d3a6,977124753dc976bfdcb10e947ce22a6ea136394c8db3559c2eac4daa42634c45,23,outer_development,primary_nonoverlap
XUV27Msw2e13He0p0370H0,29abd6f235f2a2d3016e63eed3b60fddf36b6b34f5113d28a73adf7efec28a0e,9c0a8816ce45529fd39afd2abea93fb0ba3dfd2643a20a45ac4400afe5b3aca4,WASP69b,outer_train,not_evaluated
XUV27Msw3e13He0p0920H0,fabf1061942476df29a4172c6ee248e508224afc0b67eda944e1748f90d37949,a01c2c77695452c1ec0dcd5e11a7fe8854d4547eb0c8dad4faebd3d65ffbcd56,WASP69b,outer_train,not_evaluated
XUV27Msw40e12He0p0520H1,db68502f862a7d70fc6ba77a768e229fa047bd30d25bd50f28ecb3b0435cfdd1,b57a103514ff3c15f8ed309ddb3c3155b0ef6024c2aacc4d180bfce1cc1e4783,WASP52b,outer_train,not_evaluated
XUV27Msw46e11He0p0800H0,8c340dbe4dc08f71a49c1ce8b9b8320951995964b52d3f9a32d676e40fde2640,1cc88b84a44cbef6ba9c27a63358b25ea66cd9910f85e05030a0f2d2647b3457,WASP107b,outer_development,primary_nonoverlap
XUV27Msw57e12He0p0370H0,79da7be74e2ea7b7c741920c1dd9563851cdb4ecfa13eb3ea2969735833df2af,727d99f26cb54446ac93e45afe527e32833f146ae9d46e58ed615550a7fbe485,WASP52b,outer_train,not_evaluated
XUV27Msw5e13He0p0690H1,50d553cb8fa64c9db064b0bd203832cf57a5caabeefe2b7ee07376e5e63dc722,700cadf7aa3370ac167dc242e76d2025f9e6c585df36edf978bc2c0e66e8b7a9,WASP69b,outer_train,not_evaluated
XUV27Msw79e12He0p0400H0,7403029f376cc5a4082d11716c9114ffebfdecd3981a941860e4c7a7f7b96456,a275906965b928d9dad5a9b8ee8b7f12620de462aa475fd603b810edb80b9597,WASP69b,outer_train,not_evaluated
XUV27Msw93e11He0p1720H0,3b2f8b9b10fd99f120529a9f0b069374c9f3c40578a2ec3b80382ab579e03fea,05e21863ccefeba04cbf0bb8e108541791f6e91b45a19366436884c8535cfa50,WASP52b,outer_train,not_evaluated
XUV27Msw99e12He0p1840H1,f2916f9fc6529eda9313912853156bf779960f8d7f40799098a9ead0ab511b21,5498a921bbbdf61424e0a034a223a3b701dd6ae8bb3f4744a1f7b70ceec8c22b,WASP52b,outer_train,not_evaluated
XUV28Msw5e11He0p01H0,6f1fd541cbff0e5ed03d0a60094dd0f18ee9e22d6b17add10e0e4d842087376d,ef03ff6e0b5c00c19b32632ea6e313d278c21242b6756fec3844038f1779345f,WASP107b,outer_train,not_evaluated
XUV28Msw5e11He0p01H1,748378ce07453856b7fdc3fc500f00b81c4ff4538eddb16ee12475bb94110cb3,35b7a6803487bb911990568e9af77def04545ba45b5d034cc9c4c71a1a87e480,WASP107b,outer_train,not_evaluated
XUV29Msw19e12He0p3000H0,25bff36af3c82abca66ac5f4da4ad88bd9dd82db5d53a7ef0abba09687740510,9ad271cd32706e3d5d14d0d4cf306a7a2910e7728b8ae7030d9cfdbe86193f71,WASP52b,outer_train,not_evaluated
XUV29Msw1e11He0p0490H1,6b6a282078a3e99face963f9a31954fe0e5702e1c176c930fc84589e1891cfb3,fc6b73d462be79859f01e361029b3706ddc2d2197f1f084fe3afcd08467be864,WASP52b,outer_train,not_evaluated
XUV29Msw25e11He0p1300H0,d989963715e24b300895b8cf0e1273704fed986fe5b2e180e0ee067fcdcc6e55,524b75ee1345b10be93b866b24c0f4638ca2b577e0b17ecaafe1b60bc622de23,WASP69b,outer_train,not_evaluated
XUV29Msw29e12He0p0120H0,057c2d1597860ecf6ab288ae4c212880f8041bbb065ecfc9333def87a86235de,dc1d19d15fff0122095e791e1564fe9912578a6fe8881df5006fc6293ff0b209,WASP52b,outer_train,not_evaluated
XUV29Msw2e12He0p030198H0,87ad042957f30a1fcc5822812b2995c567ff340b8c0d3efcef4e91edd3677a6b,7214fd080d27d9006b83e6fa4718430f972dde6bb2a93bdc1e952e49751a0bfc,23,outer_train,not_evaluated
XUV29Msw2e12He0p030198H1,efb4b98af619044f9426813eda9bec8e4699baaca43d0838fbe0cee67a89b793,4ecd493eb85524e8b3eb8c6d38eedbd132efb072c828f242748ff8cf6e15060b,23,outer_train,not_evaluated
XUV29Msw2e13He0p1840H1,e81cc814abac9a071779a86cfca01f6ff76b4751afa49e3e7faa8eabe457c1b6,b3fb00e491b1bfa7ac9d96d3bba4db4f41168f876654a33747bc6fc500d12f1f,WASP52b,outer_train,not_evaluated
XUV29Msw31e12He0p1050H1,5d8eb5d850d2b51bfb6a420af80eee43430f7e0d6a897a34765cf801ca02e22f,f52467dbd510d58efc092580c47074d4f046a52cf6fa0395851eed90d13ddf95,WASP69b,outer_train,not_evaluated
XUV29Msw34e11He0p1300H1,7c5ccb4d1be2d1a35240d549f9081e7a9b8abe9c17aab362a167b776c26fb3a3,8a1571747992be60fcdd5dbdc778ba9a1f8adf05f73e77a0a09bd0b530b742b0,WASP107b,outer_train,not_evaluated
XUV29Msw35e12He0p1050H0,886f12955324f74ba2d9b7ae19d65d2785078bcb001903f4bd31922a9a031ec1,f351224669e0cdaedb5b14ae7adc31f465f1f7b401325e5f5492c8f728f7b180,WASP52b,outer_development,primary_nonoverlap
XUV29Msw37e12He0p0400H0,f36b0d7a7d795fceafc5058a1365140e8d82eebcd6d11a77b0cb69fb94730878,e925527306cbceff0c5db297f47bf4e234cef4418e5ebfe97d2d468c64dead01,WASP69b,outer_train,not_evaluated
XUV29Msw37e12He0p2790H1,ea6faa93f0f0d03df96c51f45e3907d4fef9685007fbd22d608b9dba2faa2bdf,b8e808702684bb8fc71664c2755caac2647aef8f6ba7cae564eb20abe9639a2b,WASP69b,outer_train,not_evaluated
XUV29Msw3e11He0p0320H0,ae423f7ca48973c59f64c9871d309488d10a2990ad6f4edf6d12fd3d48281915,a6fb69d1af8e608f5af467fd417b9865d56117219bf44d29f3d5900efb9f1956,WASP69b,outer_train,not_evaluated
XUV29Msw3e12He0p1130H0,a47abc5994e739f3d029fde1ba266df352bfb2e01f1cb09e52c9265e54fc6137,6e8d8140979fbdfa1103cb99f812ba680258507247398e516ed937efe4b93a54,WASP107b,outer_train,not_evaluated
XUV29Msw40e12He0p1390H1,2e1dd9c9c4ae688de082784ef8f2fd7fa405556bee520e7d43196dd5049732a3,a6b9279acd7cb262428d70a072e080f6a96fff31ca4417e04212b500ac58689c,WASP69b,outer_development,primary_nonoverlap
XUV29Msw41e11He0p1840H1,d241b895f78c113bd05256995c9ae34f2d6cfc695995b71bd50871f37782e803,25f9f41c54471d6cf5ef2ad9006c7f0e27a3f52c426bc4f65dcd516d640e6083,WASP52b,outer_development,primary_nonoverlap
XUV29Msw44e12He0p0370H0,af0b4f7d8dafa6ca1283a8ec7baa28e433f52e47e8cd83df5d44d9ff9bdbae2c,2b4f631b6c9265e0967d0c2ed4620fe7d2c75301f95f61055747926b64d37515,WASP69b,outer_development,primary_nonoverlap
XUV29Msw47e12He0p0920H1,3f68c1c34561a8eecbf52367c3b93f6f0a9a1e1d5a6bbe2a0642ed4f36ac693e,7369f53741ccf9e72882c261bef34b3cea26801e140c37b7809907d8e90b5340,WASP69b,outer_train,not_evaluated
XUV29Msw49e11He0p0180H0,61824e54e998df3050584eb11fe57f0e4c4f705fa75d08feeb58fecd75b4b0de,7a57f3a69472fc00048ade4d6dc54f290d147e9f23d91fd6680be5bc4cc6eda3,WASP69b,outer_train,not_evaluated
XUV29Msw49e13He0p2610H0,7d03c7c6c433b52520a1ace9e502ecb24e09f33401fb3b8a0e7b43ce1ffbf378,7c911876c60f9c65318e9c3d64e6cc14b620bc363f4df2abbb9986697f5be44e,23,outer_train,not_evaluated
XUV29Msw55e11He0p1720H0,47249b1c8e7809ea86089d0b1229c0dfa79fde44555dba3eb29515e465333274,dda7cda308eee78504cdaa281f0baa7e7c5a0b3224ff02b0ed1269ddd4aaad43,WASP52b,outer_train,not_evaluated
XUV29Msw56e11He0p0280H0,8b9b70d68e6dbfda635e05840ae4563389d1bd8dcf6a0410c2f853fe61df363d,bd70b5bb39646705e86fc0622d3ac3afdcfd0504f9c0e90d253617600d270703,WASP52b,outer_train,not_evaluated
XUV29Msw62e11He0p0740H1,fd251b374c6908c9cea6e19277d042b66a155bec1c091c6c3e99bdc6dcdcf223,4d931eec5bac1c6f94fec339b8edb2d07f29807494506c87cba8d48730cd7844,WASP52b,outer_train,not_evaluated
XUV29Msw64e11He0p0420H0,7aac82feae32d1ecc1c36cde72e9f323cf94e57972cf42845eca8635c27a2487,a7d38bae8adbaba54c688a694c34dd472f2e1357658570b18ac8a3f4e3d5b5f6,WASP52b,outer_train,not_evaluated
XUV29Msw64e12He0p0420H1,79234aa843fb89a526ebe0912a1a593431925639f03a2ca622bc72cacb3ea989,0d352af3d423defb55ac721a341c1283e4b3ad83ab0bb9668032b3b7fc23497b,WASP107b,outer_train,not_evaluated
XUV29Msw66e12He0p0130H1,2d1915e22012dd95fcb32c5dbf9a788b2c98745f1f4772442de31c4ddd59a8ef,3285dd7db95faf99cba41067ea8da161be1c1c22e284001b05dcda89f38bb7e5,WASP107b,outer_train,not_evaluated
XUV29Msw67e12He0p0300H0,3ab257a2cc2ccfbe6a56a87f88c9e6ca0d4d030300cb24e55be08f0cb446ca54,6c50081a680f86ae83f989a8a6a4cb3f2890ac42700037aba214f52cf5883478,WASP107b,outer_train,not_evaluated
XUV29Msw69e12He0p0460H1,bc43be35061ffb10e573c8ea8cc1899f7d1f639678ddbc792c491739ae3f1467,fffc446c3b99bf8ca7265df776a873e96219fd335dddcdf7357a1c54978f5d3d,WASP69b,outer_train,not_evaluated
XUV29Msw78e12He0p2120H0,ff077f6a62dc1aa32bce2b931e59930b30cb04d6ab37eb13e9ba496a329b63b5,66373fee7a25441b38d40a7bd3d0c075d16cd9eff2037cce1510bc76783143ca,WASP52b,outer_train,not_evaluated
XUV29Msw88e12He0p0280H0,1ccc3b326c90b418d9e54bbdd15a57355d7ca52303ac391bd09264a8a5897511,bc4ff0a94b31a4aae32241248c5b7d08c029b735dbfb355e24669f1badd852ce,WASP69b,outer_train,not_evaluated
XUV29Msw92e12He0p1720H0,2d0a39b3aea2ec235f1f3c2629c4420f62df3e0dc4e5b8c425552f695f853423,e8c9fb1cc95407830b4ea1c35868efb829a748dafcd4d945fe2f6605667337d4,WASP69b,outer_train,not_evaluated
XUV29Msw93e12He0p0920H0,6452901b774949b968d62cfdd4feffe448626d2ba0b8444a42d997f54f641e17,f3e1ca693ff5c64c9dc2af8849b2b503cc23dcebe84663a13a08ee4864d26f23,WASP52b,outer_train,not_evaluated
XUV30Msw14e12He0p06H1,c1d09619919fa84bff83c32f00e38135792b6d5fc67588cd87ecc5216719a02c,1075310b5349b765c70f795cbbf4f0864d41469d0a967f7f98d210757290c07f,WASP107b,outer_train,not_evaluated
XUV30Msw2e12He0p015H1,f93cb58b5b8fcf38ce0cb417e3de8a9afe4178a62e18bcf52d50f347d44debad,001bc610254c82689267eadb072239bb4ef507d956c3aff03c2ce491fbdca85d,WASP107b,outer_train,not_evaluated
XUV30Msw2e12He0p02H0,8c10473c914e5c72d13668a5d1bd2f28af6cfb1b6ca1bd1f0b60da0fe1b4fba3,f6df1864760f8b3bae6fcf02bae53d08537dedbfe21121aa7be721ef136b0125,WASP107b,outer_development,primary_nonoverlap
XUV30Msw5e13He0p02Ew11,f32939abe77f4039b534a74bc1fdd36255069eda6bf37270571991dfc78a78f0,1929a32afa3be3f83ca08a8b6ce4041ef729a0148384444bf092208248a89250,WASP107b,outer_train,not_evaluated
XUV30Msw6e12He0p02H1,b81ff5ff9edf40d3c8982851218ea39c051910a2525279fc83f64041279fa198,f2546f2e1f5ce0b9e039d3d784c678080dc550fa5dc233aafcb6fc1b1dd4a2b7,WASP107b,outer_train,not_evaluated
XUV31Msw11e11He0p1840H0,9f0b89e763a3bec38dc84028c69ca598a6ccf1458149fcfa5f32b34efda51362,a5bb47d580a17c3fb6c44cb55f5c16a5c614e4026593c4b3e3b806b2e0688e8e,WASP52b,outer_train,not_evaluated
XUV31Msw12e12He0p0140H1,01f89fd2e0b1f156d4f1cb87809a4ed0d8050ad54b989b6ab72954741372079f,faeff3d1336153a013c820bb530b0988b040e9d989fd6eccc239d3d29a6d3ce4,WASP52b,outer_train,not_evaluated
XUV31Msw15e11He0p0210H1,5ab2f057fa60a9fa5eeccdb5af5272783c7b5a1103457c844d55801855fad31a,029582ed24c3ef975c90d33eae11e829c00eb3733da56e9e51564849753db409,WASP69b,outer_train,not_evaluated
XUV31Msw17e11He0p1300H0,8d8c95efbecf4cec059c24de978f3ecba4ff419378b38db4952ef091e012b47f,97d0683c91e8eda4496f7ee357b337cee47f1937c7061f54f8c234ffbd343b3d,WASP52b,outer_train,not_evaluated
XUV31Msw2e12He0p0560H1,a5b8c54c23b703019a9fa6cbed2bbeb94c67147d4196097becb4bf4258d2501b,9d641b0086e2b7905d206e5e3b8daaa72ac659e57774ae8c2822106049d3e87c,WASP52b,outer_train,not_evaluated
XUV31Msw31e11He0p0120H0,828b1763bc3b7c4209a0e25788cf4180463c0b6148de67c2abeb4fc62a867244,15ca4278f614eec74841c343837a063f3dd87c37be73dc3a3dfcbf349e86354c,WASP69b,outer_train,not_evaluated
XUV31Msw31e11He0p1970H0,2980f8e057666d00f10cabd0145b0c71e5ec5c4942cbfee2364228c090d271a8,644c1e08ca21fa490682c9f24c1f2baa1368187ec9d8426f30e03bd752b8933e,WASP52b,outer_development,primary_nonoverlap
XUV31Msw32e12He0p0600H0,c16a89bc66d9d64893b9f70c47a22ea796cc44cb4f4ee617a5b99276d35ce861,45d08dbb3ae58c52a09fb12fcf0e5662ce4cdeddc1c3ad4f0d3af7808d827adb,WASP107b,outer_train,not_evaluated
XUV31Msw43e11He0p0230H0,2303e395941acdd4ee320a96323460d463d79533667de2e90ecdd8c7f07ed394,19f4acdb7d58b2c932ac387ce12f6b9214b17d3637c13b218ae07e38c66a12ca,WASP52b,outer_development,primary_nonoverlap
XUV31Msw43e11He0p0340H1,debe3405cd8731342575f8d8fb9db4a418b7e5644c6fb9fab1d91e47240344ab,3ee144c73b23b4cb1dbaf92e2db5b78e57a05a981817a436fab2d79abff40066,WASP52b,outer_train,not_evaluated
XUV31Msw43e11He0p1720H0,9122c93e980e4f7f61989c8935dcf8aa86eeb08ad9b59cc9436ab072f518877e,83b8edd2772d4ba2d33cdf6b981e4103bbac71a6a54c2126c595ede705803ce6,WASP52b,outer_train,not_evaluated
XUV31Msw48e11He0p0560H0,fd4bb67ba1ca9e0aaa0eb15c7c9a11876440c5e22474633ece9088abca66c30a,fe8f35c3ad5cd60c3b8d53e5001c3c770dd22b90a2aa1e9a3801ef7de9193b52,WASP69b,outer_train,not_evaluated
XUV31Msw72e11He0p0240H0,c5d930326c817e53af064f6df85505e84e0a5c6300b5995a92ba4c06db37dd6c,472b81faa38929131fcafce87306c993219f4b6a36e002139b70c5eb76552f13,WASP52b,outer_train,not_evaluated
XUV31Msw73e11He0p0300H0,c988f5699bb0caaa3e97a3bd95f7b32d0dc0b4db76266072d6a2e03f0774789d,679064b65bdd321d07a696dc555a4b1b9e9046a4536ad42c5971fd0c3523274c,WASP107b,outer_train,not_evaluated
XUV31Msw81e11He0p3000H0,276fd8060d4087e0333c148fa7562b5aa63727dcd5ceb4428c4aa914b5a24549,ac9da116d9c12d7e3d5e362b7d3cfffd41c119eaf48b14a51fc65f9185553549,WASP52b,outer_train,not_evaluated
XUV31Msw83e11He0p1840H0,ca50e2e4a43d3bf50867b02c01811462642746b7fe5e80ec241bb9287d0cc5c9,f5aeabef158824fc33a2340ecd15d5c240c972fd440e01255a9f5cb253733e19,WASP52b,outer_train,not_evaluated
XUV31Msw86e11He0p0650H1,72db10538917a903380a9b1d9296d18bd15ef136033a8369f3aad18bbe8f1320,e242d09597e6b5b4fae173125658782fb639f69e509673d6ceb002f0c173f8d6,WASP52b,outer_development,primary_nonoverlap
XUV31Msw8e12He0p0260H1,f5844a1e8a226b3d6aa7f7961ea02e25eb377c4fd0d912f41dc25371c8f41e8a,a07bdac531cbfa00e411f7083f7787ffd92981511d5d1ddb79f8613b4c2c9749,WASP52b,outer_development,primary_nonoverlap
XUV31Msw90e12He0p2270H1,92461ff98804974c729d1309061e24c3874d93c791c6923c73097fef080dac1d,e9890117efdebca3166e7c2a3b884cd140207d01d8a20a27b6187bb4936ffc4a,WASP52b,outer_development,primary_nonoverlap
XUV31Msw91e11He0p1210H0,22864d1c926b87a9e85a0c6f033fecca3708bd3eebb6d7718942f1bc38ddfd7d,1b13f80e0f34f7d2281bb92b9efaf1190b70b845e63df7314e8037841ca2c5f7,WASP52b,outer_train,not_evaluated
XUV31Msw91e11He0p2790H0,1b629c93c7387db8079e38615e133e1d25e3615c8a947204e7638281de6078d8,a4a9cac1e8b2a03c7c56bdc94c54a38fb14a6116b43d49484c0568b6444adf8f,WASP69b,outer_train,not_evaluated
XUV31Msw9e11He0p0130H0,f96e2cfea3bae7e9398244b3e933ebd00edfb3115668dd0f6318018b622804b3,8dc45f839d08b1940f1c4c927fadf98ff2c43b59aa0ab829ca607c507353cc94,WASP69b,outer_development,primary_nonoverlap
XUV31Msw9e11He0p2790H1,231edcb992df5d2627bd634c69395c175dac13d1a74b62f72b1e6172ee0fdc2e,a9339fa90d99db30c900d57f7040a55f4ad53ece91fbadb01c9de2c4842ea95b,WASP52b,outer_train,not_evaluated
XUV33Msw11e12He0p1210H0,2ec55a4339913fcc65c4b072bbc9421266ced215563b4514c1ad70d9a74ffece,2ede3751e933d8c771f8e4fe1c3baac4ae6bb7a748a200f917f6cd67bb240b52,WASP69b,outer_development,primary_nonoverlap
XUV33Msw17e12He0p3000H1,72b557912373c61a0e1f3e27f1a4b836868300a15d92d91b8151c467e3f92ca4,d0004c8c792ca65e2d3443d270362319a5c4db637fe77f578d1b0a2c4a0910bb,WASP52b,outer_train,not_evaluated
XUV33Msw24e11He0p0560H0,983e96126e334fd0d33270e3a0e8a3a7b793cad94ed0e4f6d300e429aac34d06,03d7f06908ad94b6cddebdb48c0fc9b3c8cc36e71deb901f89935e7da980c4ed,WASP69b,outer_train,not_evaluated
XUV33Msw26e11He0p0110H0,8f8fd624305056ad8fe76bc283f5752c471902226b5b5a069b19abe31bb8348e,0933cc1ebe13c4573e7c232ca8fa31feee0305bf921423d7be72e672226ccee7,WASP69b,outer_train,not_evaluated
XUV33Msw29e11He0p0560H0,3d0e2937b92c39961bcb12a9287b7427c23b65f07ba40e7be27ee7010eefa990,1f5546f9972986488cb630c39f727d320b90720c08e3ff4ca155dc2632b25095,WASP52b,outer_train,not_evaluated
XUV33Msw29e12He0p0520H1,4a4d71961136039878dd836fd82294e82b41655b425e87e55f41a9ff05626c24,2839593b99502da4df4ce4735fe324bd211f226af0909ddf470cdaf86cfe649e,WASP52b,outer_development,primary_nonoverlap
XUV33Msw2e12He0p030198H0,1ff5b40ef055e231763bc416b6e9efaef2858ba77b9da71df53d36f24c05daf9,edc0c25cdac2bc1f2f752d507955217552b7ef7302cbb85707d8e08e36ac4969,23,outer_train,not_evaluated
XUV33Msw2e12He0p030198H1,30f58e06f001722f79fa21e66aaade8c9475ac45b0037c88cda951ed81c20352,145eb7d4bcad259e3049d19a81331761a591b9649a6b48c00e27713560caa283,23,outer_train,not_evaluated
XUV33Msw30e11He0p0110H1,cb92b909541094c73ccd85d1e910c4127f4594d5f9333218dede3682ada65597,bc0c247194b181af9c6605c256e64a2abd0e47ba2a77a61f259cd25f54c76370,WASP107b,outer_train,not_evaluated
XUV33Msw33e11He0p0160H0,9a1afcf8e553db909245f6f87da2b074827c00516416bb5197e99aa30f782eed,670401b315c83aa479d6d21a358d221ac6726892b3b0d466e2675be7fe6554c6,WASP107b,outer_development,primary_nonoverlap
XUV33Msw35e12He0p0600H0,e1430c96b59196203e6dfda9f5e5c93ef9fcb0660607a97f0bf5c5895b20b22f,972fbf94ea4150110d04db76b2499aa0394d0941b6908e43097aca2f8905d615,WASP107b,outer_train,not_evaluated
XUV33Msw35e12He0p1210H0,1f8294d7fba77befdbb0fb03c4db5a6dbb23978d7a4a54f78ebe1c20c8834522,31f8553eff027c0f7dd21019a849e67f7aade91233d325ee7b8c146da17b3bb4,WASP69b,outer_train,not_evaluated
XUV33Msw36e11He0p0740H0,bb66ebe70795017475b9addb68ea3a2100569a4dffd4eddae084ec01eaa9430b,820efd7c747c851dd845f6659a89b49f46032a4fc2149f9d3f8eb0b026cca0a9,WASP52b,outer_development,primary_nonoverlap
XUV33Msw41e12He0p0140H1,cb38feead2c41a6bd6e818256f6bc4467d16bd74bfdeba95e8dad1961258784c,87169ffc51f7fb3122648a0374180c96d900d5e0c6bdb0b955f5abd6f5245b1a,WASP107b,outer_train,not_evaluated
XUV33Msw41e12He0p0160H1,1ff400fb75f94cb082e00ccb1304000974a303bcbb5f5be14bed4132ffe43d3f,f2064840b4235632cd250ff007bff5b714feff29eb01f0cefceca57efea2e623,WASP52b,outer_development,primary_nonoverlap
XUV33Msw42e12He0p3000H0,0bb51a5a048cb0bd89bb1cdc2d41f315de9c7dff6ecdf9f9e461746c1e083d1c,08f12ac2dd02a9d92231b9296f45a770f43df6bb7752a19e416c5be01969826b,WASP69b,outer_train,not_evaluated
XUV33Msw47e11He0p0490H1,c4fd80e9ffe2f079d0878543660b9073205a9f1c5c764cea5a913f36b5f7926a,c1558eb369a603d64b94f6c905ae09307ab6c08226ac6575dce45497ec8d75ed,WASP107b,outer_train,not_evaluated
XUV33Msw47e12He0p0280H1,94e667e5df0dcc2142598091f05a759cab508951d75e644fc8873f448d7d5a41,f234f9a2908fc43ab312df9cf41e5a67fe3485c8bf24f4b85654d4ac2f774331,WASP69b,outer_train,not_evaluated
XUV33Msw4e12He0p1970H1,25cc503b0174047241da9ad0eb011ec7a7ea166b199fcd4d7a937137e7330a86,a4dc59169c72d35f8bd10517ce37ca474970f79aea32e358371a37e18be37c45,WASP69b,outer_train,not_evaluated
XUV33Msw55e11He0p0460H0,9a2fec0d86b793ec0b5299295ed844e1639e67674416e2f6ee2a584fd7641a6b,adba4537c29a9accbd64a3fb1cc0123fd0258da193166da42c976d67cc01c7aa,WASP69b,outer_train,not_evaluated
XUV33Msw57e11He0p0860H1,afd0747eb04992639d2a11e5a5e67e7aa11497d25491f9b3ee1e28bc340ef7de,a22624befac5cf42a40f09faa7be94563e79b95e93190f4ae9f8d57e50df6111,WASP52b,outer_development,primary_nonoverlap
XUV33Msw61e12He0p0520H1,0d5b627bb4894d12e2e153d586b0a42cedb0f91069aaa78d853ce7772f13e455,ab734dda33b3b6a59f27f81637f618cb59e3bd33c8c66b11c760f706e76aa367,WASP69b,outer_train,not_evaluated
XUV33Msw62e12He0p0320H0,688483fa55425dd5477b7d02d3b2249e07f019ce9572f57ab36334d13930088d,862d9bc629c5b901d4a59f83c41f05630e1edd80e187120f1a801af8dba3819f,WASP69b,outer_train,not_evaluated
XUV33Msw66e12He0p2610H1,dfe0c9e3639898a9f7a05e22f263ff2f95c38411b9dd71031f7dc34eb035b96c,ebe3f119bd6e2fed7073d49b57f6ab60ab33358e0eb0ace0116342dcdd41c10c,WASP52b,outer_train,not_evaluated
XUV33Msw74e12He0p1490H1,ff31dfefbdb6e7707ee2bc67d3e2a5b862ba997ea1ba093528ad9f0a21ff24cd,84ada900d58ad1cec59499a7b7326af1d9e9a4826c7e75a61ae86e9e4b72305f,WASP52b,outer_development,primary_nonoverlap
XUV33Msw76e11He0p0210H1,c1b81f5b8b894a26e9f5f961e4bb1b8c641a17e68a00b6c7e2649af4113a8d45,c6e0ed988899ea892c6b0f71f91d3af204e7bdcfbc36e7242818d746e80b69a1,WASP52b,outer_train,not_evaluated
XUV33Msw84e12He0p0320H1,8aa15ea848b1071c297d7d8ba536e209998a36705030f00cc57a774d6adc3add,6b429138e4604127c535a29972463fbc27151fa47c8bc86d3ca080ac7faf9cb5,WASP69b,outer_train,not_evaluated
XUV33Msw89e12He0p0690H1,a2d1214487de279211aaaf6440d16e7d7949affba266acc36387d51acd84de48,ea56202b4b78e15f036236f192e933fe9c34cad2bf0c3fd941a9ad75deeb9ce6,WASP69b,outer_development,primary_nonoverlap
XUV33Msw90e11He0p0300H0,387e9efc44b6a4300060ab3db3dd94451b1c72cae8ad8bcb038ff14e7b439548,1a3eb191e4bb1d528ca7098f9e10adfa28980c9f6879a7d5f34cae010ad4cf6b,WASP52b,outer_train,not_evaluated
XUV33Msw91e12He0p0800H1,b250e728c7b8acf6552770635b248b62b89f883acb9b957e466a810cf6ea1724,bdee9826035e333522ad08436bd26338cab57292929dc01f70da1258d79d1df3,WASP52b,outer_train,not_evaluated
XUV33Msw94e11He0p0240H1,59f619acf9195f1eccfce6b97dea1698a308712c926a5ddd63f2ee05dd54788d,141246b871622c661cefcd57784ecbb35f2425e1d37c7a2c2942e52b32ee35e5,WASP52b,outer_train,not_evaluated
XUV33Msw96e11He0p2120H0,102497892c411dd4bc0aef5092093286aaf95c2421fe26bcc430d4c10c393383,a84d774b350afe9d75a9a2b6515496cd7900f1e8583979f7a7d607b6abb4380d,WASP107b,outer_development,primary_nonoverlap
XUV33Msw9e12He0p0980H1,3c029ad5213884eb67f4a0f907f9d6564fa02a1d7c4b45eaae9786ea9d3cabd6,35df8740a18b4b950c735b8a10f4fc87231aea4e512a65329c64482acf5e3358,WASP69b,outer_train,not_evaluated
XUV35Msw14e12He0p06H1,d50dee3c451f868616c1f5ae2712b9d3f69d5620dcba90c9a47144d67918fea7,bdd46923b7a3a350bb5360577371da13ae3a47d2a000ebbec59ead5032e79a78,WASP107b,outer_train,not_evaluated
XUV35Msw17e12He0p1130H0,3883468dabd2fa1922b916a889c56601ebe8964e83df6bc2eb25bb4c9889fbc9,2a55c00e4eca6e68b694202dd44f5425995c4694aecf193849aa59fa8d5c7954,WASP52b,outer_train,not_evaluated
XUV35Msw20e12He0p0650H0,71015e623c51a0806ebe6a4017fecbd17a1132fb39ef230275dbd8040c408a89,4a36fdc8cf7187aff151f980763f22c871d9d4ce9da0b4bf5f9d95c7929714a3,WASP107b,outer_train,not_evaluated
XUV35Msw21e12He0p0460H0,5ea3266df9deebab3701d80924897185d9baa5bd9946a41e954fc5b4d9a24f7e,ef4c0204afd193c44c042e594f01ee83e55d7a7804e451a6a03bb65ba4ab201f,WASP107b,outer_train,not_evaluated
XUV35Msw2e12He0p02H0,3e433b4cbf994f6c754fa874b9c5c524650e16943afd5894bbe98e15173dbdfa,c136153d41710d7b9d1d235f4778604523730e39a92135d91c9adb384a06a323,WASP107b,outer_train,not_evaluated
XUV35Msw2e12He0p03H1,06c92434322b5a659d0f45fe6bec5a8914cadb0081c33512c9cece2e9a9d7057,7b5c280b0eee36d88a11286de932626125ee87696211648b6f3c9233fc7d3345,WASP107b,outer_train,not_evaluated
XUV35Msw30e12He0p2790H1,23e21c0ef2857d512faf95a2f946e6f44249b3affb94d7d5c4b001a4ec9fe449,a2b975355d524cb31c4fbc109411adf1d6d9319410b7ed6deb208343cc5b6478,WASP69b,outer_train,not_evaluated
XUV35Msw34e11He0p0120H0,cbbac4d2ba17dca0d5338e038bd7a400acb7ca0fb1a65182f5273109968e1505,b9b1ef68f25b2cee421995dbb02d6263fd4da849662d0041e0f6f015a3babc27,WASP52b,outer_train,not_evaluated
XUV35Msw39e11He0p0920H1,e51e26304f3ef63893a0177bc33d81122ec8128700be51c4ae0642eb2fbcea44,3b388a6b8f30d4e5b3417c195f8416c02df9a240f1b47d2164a369702241d51e,WASP107b,outer_train,not_evaluated
XUV35Msw44e11He0p0920H0,a66cbae3def660b8b0f5334bfcfc96f2022218586bd12a2a68689c55b599afb8,91542550b921e505325f64aa753f50673d3e0c9796c07b9dc3e2a4bf3617b746,WASP107b,outer_train,not_evaluated
XUV35Msw45e11He0p0100H0,22a24b970d054ffe069a5f6d0e913e26a2bbd664576bf23ba4b35226facd232b,bda840d4484620b4392172e8bf029f5c685419b4b57e423ac41dea705fdc1f24,WASP107b,outer_train,not_evaluated
XUV35Msw49e12He0p0130H0,f7456dbc4450ed5d8f9cf9a330e1de8e8909e938585c12d6d289d47cdd601b6b,728421a57f4a7f33f0849f2bf36361aaf5c31ebb4d1db3703b3133f7155144fc,WASP52b,outer_train,not_evaluated
XUV35Msw54e11He0p0300H0,420de64e1342bb2d1c4cf72bb6b2ae74bc1f875cb0f490c852b76e08e6a7f944,5231345aeb761e9708123e4ac8aaf14b5a9762d02f7ed19dfd2a1cde2201e633,WASP69b,outer_train,not_evaluated
XUV35Msw59e12He0p0110H1,1dca17e832b9861ccb8fb6a07d4717ad66c26192605e31c119f4778783910dc5,ca499712b6cd62ec519c87e336b5f9003625072a10169e8dc9becb11374c7180,WASP69b,outer_train,not_evaluated
XUV35Msw63e12He0p0140H0,a7af95cf8cc1a1cd17dfe8bd922547817aceed3ac1ac4053da335af77be86892,f4ecd731fd1666d4540f22418049237f5740e9af27ecdbef7414a12bbde3dc15,WASP52b,outer_train,not_evaluated
XUV35Msw68e12He0p0650H0,1458dff9e9feb48dbdd27d6fc864e4fd8d8e064eafcd3a7342d45abf96b62329,46a79af70e3da690affd52250a102fdd0f954dcbdea670bcc42745616483bb59,WASP69b,outer_train,not_evaluated
XUV35Msw6e12He0p04H0,028341f0187a0ff5e8eb1a6e498be1c4cd3bd9c95eb4fe80861827fde7945843,19416a4d641b2048ec9edc257106d8eefe21167a06315bc131f63eef1baf2133,WASP107b,outer_train,not_evaluated
XUV35Msw83e12He0p0600H0,f7769899e20130ad7031c7433c71745d74c245278c9a9a26f49eda4bc20e2219,fe26d2e459d79f7461eaa795c7d7f9b54537e9c0da1319bce883148174cf975a,WASP52b,outer_development,primary_nonoverlap
XUV35Msw8e12He0p03H0,77914a98118c696e1b786e41905920a538b70fe92ee5da4bdd576e9dd9f6330d,7210168c1179058463310aacb20102addeb9dc3f7c515c9fdceb73219cd4bd72,WASP107b,outer_development,primary_nonoverlap
XUV35Msw8e12He0p03H1,da95ef474438ebf009fc0eea1a30af0e22ab35372f84c091cfa1a86083efa8a1,0e1ba371271d5df6bae6e5f44c580e7cdb5237d61935e1109135e28f0eb7acc8,WASP107b,outer_development,primary_nonoverlap
XUV35Msw92e12He0p2790H1,4d7c65eb08924b6e6af2fe751e8a793d54d49aa4472ed377ad78eb4deab08b00,86fd467f3c19650509609c5989516cbef31e7990ccc2034274357a7522f65c1c,WASP52b,outer_train,not_evaluated
XUV35Msw98e12He0p1050H0,a49ec5eaca70a3c65a3c5d36a9ad7da0891e8614b04904f8163a69c925adff29,064da427b3d9fba07a7a5a8140190992d9eafa6864088b3a2853d93b65b26413,WASP107b,outer_development,primary_nonoverlap
XUV37Msw19e11He0p0170H1,f809292d06206db530852a873980f6b57936924532b5f8011940db90dca2a3ff,196e88358300b68b65b78a6abe052d22612b856304eeecb826be132535255e8a,WASP52b,outer_development,primary_nonoverlap
XUV37Msw28e11He0p0280H1,88f66ada58ec3e5316ddcf95f208d6ebd6f677b5ee4a25906ad1056ef7c273e4,60e125de28fb010bf6cc8ee686ff02e0f80e8e0d279987fd424566c266095106,WASP52b,outer_development,primary_nonoverlap
XUV37Msw31e12He0p0130H1,24303878cc06875403e45b093c8bad8822185e137d49f7e58f4e5de6ed2676c2,51675bc7bf88b22329507b296bb544ba024211f6e57b95b63209e23144210659,WASP69b,outer_development,primary_nonoverlap
XUV37Msw36e13He0p0690H0,2e95a8df01d643b73a3f00b67d7af2ddf844af297cbdbbc5c45bb0a3e839f6b3,494727be29c5b794fafdce13ad1791c0960a38549eb02f7c2c814976b2eafd22,23,outer_development,primary_nonoverlap
XUV37Msw43e11He0p0560H1,e51f21cf1e4e16bd062f586ad6788d226fbb13754e00ae446199858575ab0285,05f8ff640847778f3f6d443551fdb537e7e1ecb83601606ed6616b97ce79a2c9,WASP69b,outer_train,not_evaluated
XUV37Msw43e11He0p0860H1,22ce240834b9ea307dd79812969c3b0a3dfa613d36c6c4e6d00aa34b5c5271b8,ed0447ebe47e56130e1d856d985adc7ff358a3a0f625025246f1626b209c8438,WASP52b,outer_development,primary_nonoverlap
XUV37Msw46e11He0p0280H0,4d06de0c8181942aac80579921766dc280a34fcddef67bd521127aeaaa6a083c,7e44fa58878edef7df76ad2e3a378f677787d3eef445ed5a3f1203220a5c0da4,WASP52b,outer_development,primary_nonoverlap
XUV37Msw47e11He0p0860H0,48f152f562a2cba2f50915ed1e04ba862254ca813bda6cb2f735849d0221b757,377ff078051bd6bf0f4258bbea089b17b8cd61992a7dd435a2041e444029e221,WASP69b,outer_train,not_evaluated
XUV37Msw4e11He0p1390H0,00419d8258f21dbaa4c219f075a9d2c16bce1132e3478141600ec4c2d75bb16a,c1dd08ad268d17ce407d85e7537bbf0f722a9f343f4636c64b4e2cfac57ac91e,WASP52b,outer_train,not_evaluated
XUV37Msw53e11He0p1300H1,bb44f949d73d3cefaa46a8f037898525d2f184ce8d4630016693503dd83702fd,5e1dfe4db7c773d3c575969a5e1428d6fca12d674e7c034f97c235a5caa53830,WASP69b,outer_train,not_evaluated
XUV37Msw61e12He0p2120H1,bca68b4f211223d4a67d95597ed85959ec9d8786aee535478d9d62ed9c6e825a,38f85e2a5125066096ed2cb7010d4d7603b399d0432540863157d7c98fad7710,WASP52b,outer_train,not_evaluated
XUV37Msw87e11He0p0320H1,662bc8cd8fc6291319de280cac4b2d502c2b407b9911c65b6b4e8ae71bf6fa09,552bfceeca3120c13ef3ad24cf0385cb32a565080fbad44895dff4fdcc694f0e,WASP52b,outer_train,not_evaluated
XUV39Msw17e12He0p0240H1,66c5282f5b69fbe70a9903c121ddc24cb36ba06a51d23f1747bd078f9bd14a57,448831a313f00905d4b186e95fb726233d49d40b76f4e0c7e63c75100d0e0e72,WASP52b,outer_train,not_evaluated
XUV39Msw19e12He0p0110H0,0bd3dc160b889d9990a9dbb4645f6221ea846342ed4b166165dd5ac4b1d3ff71,b4446b6c481980f231f15aac382ea283c4713a128644cd72bebfed5c9ac7806d,WASP69b,outer_train,not_evaluated
XUV39Msw21e11He0p0560H0,67701ae1b02265e565846b74879b776d5e14d52a81c92f481aecb9cc0337ec2c,dc38c8dad5c1be40c9dd1abdb634f44121c3f85648f4f956d5be4fd93fbb0697,WASP52b,outer_train,not_evaluated
XUV39Msw28e12He0p0280H0,4b54a0795c5ef6a82f04b798480abc09c8cac48699c12287d300773a299cfdfb,5671c95e1bc26a6a5eb8d0c27f3166b045e50a62405beae6f626fabe180af614,23,outer_train,not_evaluated
XUV39Msw2e11He0p2270H0,aff03155a8764b1c38f439ff712019d8b440c5862d48ef75ba79b6ff88c16ac8,4e2a38b7a7218a7a253bcbbacf0db886e6887c949eb9ad38893e697d6583b80c,WASP107b,outer_train,not_evaluated
XUV39Msw35e12He0p0800H1,8027c99572f246c6731d522f26f7844a43016083f315035c6f9d97e67d95d12e,1becb967ffe034f5958a802e1c2f28c265cf546308b30f57bd22222fb397242f,WASP69b,outer_development,primary_nonoverlap
XUV39Msw3e11He0p0740H1,7b486f21ff76a4e04b55612193d59fbc7bc8b2b1e316bb54b1eb4dda89daf6cb,2e5df1dd90227dfabf68bf29f301fa0c61eabe62ff6afb8e2d5272b671e2b62b,WASP52b,outer_train,not_evaluated
XUV39Msw45e11He0p0980H1,441e3bee4c7cdb1dcf82aab7ad6e9203347eb95e51e6f1ffd5be74f2d63dab66,1a0a2f2b57ce464f8b35b153db22fb7e5d72b8c46696b2858cfa9c7ef7020e80,WASP69b,outer_train,not_evaluated
XUV39Msw48e12He0p2790H1,f4f9ae5604a84dc9c96fdf3b361bf7b59479c283a75c82d4230418630c69bdee,b85dcfa8233c18582f52eb54db21b73d928e8d8472ac199d2ca96e30c7551951,WASP69b,outer_train,not_evaluated
XUV39Msw61e11He0p0340H0,baa4456e82aa434c448162d31ee088663f9c0b5ee771b1911a74a8198bf9e7c4,5a8839de1acc0551979c1de481f89796d8d11e8a8ec53685d11733b85a63ebe8,WASP107b,outer_train,not_evaluated
XUV39Msw64e12He0p0160H1,431ef8addde2b1d5a1dae3e0ada6a56e1751d7f0ba5212f0b6ca10b49d213ea0,3a4694aaf1ba26f94254063151733ec9f965af54d5afe06804e0f0d7ee288ffe,WASP69b,outer_train,not_evaluated
XUV39Msw66e11He0p0240H1,168fcd8082ffbb9f54cc6e4f9f1dc639eac1ced14df7a4371aafd2fb149573e6,a0362db6826fe84d5a43a6af72ce421f97ac7ad55fcf9670beb2098357ce4eb3,WASP69b,outer_train,not_evaluated
XUV39Msw71e11He0p2430H0,d9ab8432ddb1b12b354984cc3db9e072f385a8792da9fdfa6d3736a7db10beff,18530da5e01c2c2fb1480e82c5507464b2ca0544a816d42b255b47edc55039ba,WASP107b,outer_train,not_evaluated
XUV39Msw76e11He0p1050H1,0005b44addb04e72474c60eed2664f8c2b497ac1ec7437ab77748aca645218de,408a7b6f79795566f813159064298648319156cb6ebce76bab8cb987c4f46f15,WASP52b,outer_train,not_evaluated
XUV39Msw77e11He0p0800H1,563dfd407a6465ceb426828766a05afa161a8f792e0ae7c6121b3f736dd5cec5,aee0007344273e7d59812e26feb724c079539731ecede1c9a7cf168a774e95b5,WASP52b,outer_development,primary_nonoverlap
XUV39Msw88e11He0p0210H0,08897a6775211f4d13280434dcfbf55e9ec06f2b5b92cb157a2bb0a730d62dc0,6f5400af2bdd9cd58ec439647992435e104227d591f42ef49dd7e67f390352cb,WASP107b,outer_train,not_evaluated
XUV39Msw98e11He0p2270H0,73c82dc816ebc6436920bf3f8a36c795bcd6367c5b38b1fd2e66a666a6609ef7,7d41e7be8e862c7f3111c1ee105e4b94d28da3b629d3122a442bed89ab9e4ca7,WASP107b,outer_development,primary_nonoverlap
XUV3Msw12e12He0p0800H1,0aa3a7447eb93a606e28b209fb449413b0f92a9a18d496b14bd418abffceac71,78f8f18e5e5b852c5318b661df2d9cf81725d7e51ff159ec613705070fd247c7,WASP69b,outer_train,not_evaluated
XUV3Msw13e12He0p0100H0,7bb28dde2f6a24f92b2fbf9fbb3a1ea7fc5c61a99b4dce16a048bd73d65735b1,1c4a5907ba3f41155726ee1c936cc0c97d1a83fbf3ee967991c36cdd03180386,WASP69b,outer_train,not_evaluated
XUV3Msw17e11He0p1970H1,c13f377ef26673e409f461a29ef23646b81510b4cbc1e289dca448c88060e484,f1fe93ff9b3ea0a8fc276f3ce271c94325b6e781f3dd51b24e86529f647a9030,WASP52b,outer_train,not_evaluated
XUV3Msw20e12He0p0240H0,49b470112805190de21b9bf95f8b75ae34de0508e8610c0c5f113a7e005fda32,d27499836b4ae6a522f6f92f49c95a04c12d118652584a4a0f1d1c0032671048,WASP69b,outer_train,not_evaluated
XUV3Msw21e12He0p1600H1,95e190cfbd77b34dcce984afd563c10383585e5af37f2f8c26d320890618bf3f,f473724622f98a6375b10868f579d7b0533c22139fe888fc6a0f5c53006349f4,WASP69b,outer_development,primary_nonoverlap
XUV3Msw21e12He0p2430H0,b1e642207c71b053dddcd123d4c9e837e5d4bf48a92cfba41afcf6c19dc58bb1,057eff49558f926374442d6793032e31028a94b52b2f15f57623360e33488b51,WASP69b,outer_train,not_evaluated
XUV3Msw23e12He0p1720H0,06e15b73e90f14b8cd5dc6f648eb1e98b6a58f68f2001762f17e9822a87d46ef,3b31996ce477c0903fb6f0685faad5f689bd03bf8c1d0b006f3e602c1dbc51eb,WASP52b,outer_development,primary_nonoverlap
XUV3Msw28e12He0p0520H0,9a98967037f1525282f46455a2824a8d9c4b8a93df78460e3719e6e417e5c98b,7062f68d1c0f8ea56abb2130b78bbd506d3fefb3ed7885ae187fd0eda4d2353a,WASP69b,outer_train,not_evaluated
XUV3Msw34e11He0p0180H0,5eed713e53dd9260056979de4a3ee879fbf75b364afa7dc78fe7dcc9be916fa2,51c9498f130b351da35cfd03a8ec4a65074869391517eafc7cc08b0815e1344f,WASP52b,outer_train,not_evaluated
XUV3Msw35e12He0p0140H0,09da2513da50316f4a6747a72fa5a4d6227febf75ed8f25f4c7778db6bdc181c,6107f34ed716b044700ee0e62037b8065ff892e9c44388faa5a8e306057a8e97,WASP52b,outer_train,not_evaluated
XUV3Msw38e12He0p1840H0,2b6d295e2730a1b1b453b9cc7b02d55d0b0035367e6aa241ad327461b3e09b3d,62681f3fa5664d9c47c4eb355d957ac0d4dffe2b7eaf7e8889281a5343de8bf4,WASP52b,outer_train,not_evaluated
XUV3Msw50e12He0p0260H1,f49e5ce5d2cd4beb4ff01652f856ccd98d0726c2020627d9286ee240538f6da3,493a3bfcc9924d1d2fefdd57b5ccc9e1f9ec1e5e7e870aef1f4f9048032e238a,WASP52b,outer_development,primary_nonoverlap
XUV3Msw56e11He0p0370H1,71abf954431e6e19e641bdb06239d48052f7abb672f19fa610b0d5c087b0d6dc,6bbf3bc5f4e769579c3b0084b5af691cb0fa64bb6bdf2ee4409e13742b331acb,WASP107b,outer_train,not_evaluated
XUV3Msw57e11He0p0370H1,1efe16dee9f33be4b4832d93edb971d5317e04ac6c063d38a4897a83dc533f0e,ec4a1c9f20610d1d8199deb1242b721b2bc0a83dbbb28cae6fc6b86824f9178f,WASP69b,outer_train,not_evaluated
XUV3Msw63e11He0p0340H0,708f6973ef8f9cb9ebe3e62df1c8323a0a89cbb28481ec030960d7fff7011fec,42a4182a38a0fe4a112da0a52daa31d3bd0c147d0c62c05215c75901c6cf42fb,WASP52b,outer_train,not_evaluated
XUV3Msw66e11He0p2270H1,7bc91a94b4d212da02877ec63d243d91c07b79b03fc05bf04844526253e95b07,dfd20fd9193f12bf4db79a71f0683d6da61eec25bd8bb7a676ac88ec459ae824,WASP52b,outer_train,not_evaluated
XUV3Msw6e11He0p0210H1,3c29c3332b55e3d838ed0466585abf751557ab56440d2bae62dd28dd09f9e14d,45074a21b19a0ae4e6d186914cbcbd858ce9b06bfac89bd06ef41c4e47b014cc,WASP52b,outer_train,not_evaluated
XUV3Msw7e12He0p02H1,0ce80d37567cfb21c80dc49fa785e186e167723eda162a3db10370193f2d833d,243e2741eae2ff545fe48d541419bca7632f1f0eeed1af3ac78e33eec776e6b7,WASP107b,outer_train,not_evaluated
XUV3Msw80e12He0p0130H0,996d3cee2db5df1d69f751dfa2cbe65bb62e876641bf9874aa7a5fedb4253dd1,a82e432b7f8aeff75466c0f033fee27fd375fd5cf84e9ae472fe1f9be3faa6ba,WASP52b,outer_train,not_evaluated
XUV3Msw84e11He0p0150H1,b5b839e17bb5b92ef0e5e68924e5cb3f833dd938706ebc48505770c0f5ff59fa,58e67b9fca06867c06c8a07042b776b35c42d1c9b839de861db4a847e86271bd,WASP69b,outer_train,not_evaluated
XUV3Msw8e11He0p0140H1,be2709243b338c396d47bb7936fcc6ccdb723b576064705938b81ce697beac42,fe55177b60ae519b1034eae3aa38fcc996af5875c6f9e9980caa6f0bb794dce3,WASP52b,outer_train,not_evaluated
XUV3Msw97e12He0p1720H1,8755bc1ac46940599f05947d5025aed247f14886ec1b095a322b8f2f71813c49,c57b6aa3e2f57ead052f3efbef6fbb0a42f4dd8a27418d2ccf82ac152c18fe1c,WASP52b,outer_train,not_evaluated
XUV3Msw98e12He0p0980H0,e52b963f35344f6b3a70c7edb9d04d53f957ef3c2ffab7318c627a57f6995080,bac0e72fc74916d1b13ca0c7514074d35bf55b1b89b280a0cb2786b0830afd00,WASP69b,outer_train,not_evaluated
XUV40Msw11e12He0p04H0,4614c04b19399bbb7d3319e680f621b5f97797b708072123d3b28d9d744b6f3e,f9af1b1a465160e92271f1a51640f893e5d6940da59a88818d5fd1e900acc2e8,WASP107b,outer_train,not_evaluated
XUV40Msw11e12He0p04H1,a95d4136a6b8babad8168553684738193ab915ff77978d7f7f0f2f92120180d5,ca7d5c8fc84ed1bf03b239bcfa9339fe801f530e15e160b1aa983ca24ab4822f,WASP107b,outer_train,not_evaluated
XUV40Msw12e11He0p04H0,4987a0fe3059f0e1c45a6c028a33a5f23677e53557875f73de26c691d4cd0051,6051201b421b8158aa51a48a70a3a0317d5d62885c712a711ef788ac5428e1a7,WASP107b,outer_development,primary_nonoverlap
XUV40Msw12e11He0p04H1,394fdb53abed1271c5cf53c7ab6d77da4b0469ac4390cc24413234125e0492ce,725cd58698c8a85b2ea29be3018f8b7fd3736ab68e0afb77435d467e6d0e1493,WASP107b,outer_train,not_evaluated
XUV40Msw13e12He0p02H0,62bdf680a47696b85251362b86cfdba22fa525b5316c930c947f4e13e132f500,9d8522eff724a3373e0f51abb5952caf403743aa998cf313d25f4786efaef516,WASP107b,outer_train,not_evaluated
XUV40Msw13e12He0p02H1,c1daf75363d3cc0f27e2206309fb650cb1647a4b357d9f930d5e2f5727067bb3,dd2aedf6fb149ca42df8b12beb18c7e0b261a2b9b8e8f5645c1368d299a1bfcc,WASP107b,outer_train,not_evaluated
XUV40Msw14e12He0p06H1,81027d334f5b3533c35560ed39a5d6e26ba7b8ffeff66396db68e8c209b68934,8a82ec98d2ffe18b7a0ecdf1b51b9382228640d38112d27b318b0242d3a6c24b,WASP107b,outer_development,primary_nonoverlap
XUV40Msw14e12He0p1H1,f31c66c1b3d63a3558fbc6a714a1b18127e8ad38faf36ade415225b818ea1545,a5cb4feee554e849ae8dbbe0ef6961efb19ab5a67199c1d0c7505a9d3f2eb328,WASP107b,outer_train,not_evaluated
XUV40Msw1e11He0p002,0c8d25947652e352ea4acf29d38a518a721261411c1a016640e306da52043b87,8a309251dfdc04fa73f04e36f568da1323e64f52f67e0dfb5834c536b37fc192,WASP107b,outer_train,not_evaluated
XUV40Msw2e12He0p03H0,01e46c74292a991f11de45683cc1f0eca13d5891eb1fc40315f3ea68f49ec82d,b0d9b87ac3651e8f6d67f8ae4614cc10aee31e9c26065c42e5f1144311f26dc3,WASP107b,outer_train,not_evaluated
XUV40Msw2e12He0p03H1,08f8f9c20b3c024b0e6f9051019c1e309196e422f5dc5f22b09e1c74f9add2eb,5a2bd3b5e0d0a3ed4377733d57e8fbdfbf0b0096f07e3cae908c0ff1e2758922,WASP107b,outer_train,not_evaluated
XUV40Msw2e13He0p01Ew11H2a1,abff6e2e95ec7d56332cc0e293b91dfc417e6a240111d1794681b5dca11d1629,73ca825ef24911b790df2f8a896019fd2debda686df372d60d6bdf01ca6f933b,WASP107b,outer_train,not_evaluated
XUV40Msw2p5e12He0p002,ce5ba21c173cdaa64cb56b2b74849d846bd9a991f9a69a4caf78b0c99301721f,3d312d4c591abe2a5481ffd2f57f34c6180c407045207cc0adb12f9b7aee3e4b,WASP107b,outer_train,not_evaluated
XUV40Msw2p5e12He0p004,0f1130cbb2588933345bbe97bba7134e078f59798b419bfa8be68e5dcef3aacf,c35f66cda9c404c667f24e6defbcd8499bdfa751fb4598a99d1413ec5b90b884,WASP107b,outer_train,not_evaluated
XUV40Msw5e13He0p004,4b7b1486c2bd92d9df706881819ee4403a78daba7907b75fae9cefee61c349dd,ede446c5753677dd6070b93d6e5b0aedfd61428eaa7a3bb8d0671bf89df7053e,WASP107b,outer_train,not_evaluated
XUV40Msw5e13He0p02Ew11H2a1,cb5ab24780c5f91531cfa731e99441fa170bc03194df3818e495d40ad5e90f66,9688a8d3a2a8a4d1e9c7f4d57f1e7066e72521b84b667eef6cd65eee50004952,WASP107b,outer_train,not_evaluated
XUV40Msw6e12He0p03H1,8e4683d8a1f5da234e60e12f768d29352da17b24af9b1563f33071b78dde548b,bde01aad38c54159564fc0939b45c5a5d230ebf81e8ddb8bf49401be16c529d2,WASP107b,outer_train,not_evaluated
XUV40Msw8e12He0p03H0,7edd6f4753be942edbdb3030684d1f118e89b6f5249a4ce319540cba9b6f872a,bf8cf68e42b80c5a6e54da7668832c87bb150ecaf90ec6bc904595fdad79b85a,WASP107b,outer_development,primary_nonoverlap
XUV40Msw8e12He0p03H1,1913ad71a9cfa0dada087ff2d88d180c1fc91f27b7c15beeb4c717d11a9d3e52,891df60c31e5131d8918a2ee5fbde5dd78d59ea282ff3be8207fc04b7d322203,WASP107b,outer_train,not_evaluated
XUV41Msw15e11He0p0860H0,1e51b21fae45b9efb3a13411fdad89e9b5166c49766ff076755adc96a44a8dff,c937b1ee523165a7cb9edca0fb39b52ad4ef7d9ff3522f92fce7d1d8027c1e18,WASP69b,outer_train,not_evaluated
XUV41Msw16e11He0p0690H1,7f3fa489867207089c6be3150705e4aee711e30153a9fca61dd58d9f50a31a96,fca5546759f1aa3a50095e79c2102c5497efac0961aff06e187d2749e6900fd5,WASP52b,outer_development,primary_nonoverlap
XUV41Msw22e11He0p1970H0,896d53ba40cb1b14b9ca54f5d7c6ffbfda9a8d3c6375298bd3672bf8544a5153,023c4f8faccd3908ea2321787659d74bf50857d082e4f104598525ac91a52d56,WASP69b,outer_train,not_evaluated
XUV41Msw22e13He0p2270H1PName,9ed936e86c9707d099e0d095540a9019c0aadf15ba4112a0d6d6195624f287d5,d01c69a97d429d9f7af0a8e3cd4a513e4fddef7544ec369603166d923970502d,WASP107b,outer_train,not_evaluated
XUV41Msw28e12He0p0980H0,9620ce65c73c39ae6c8395212e583e1cf7dcac5d0a829b12e58f29b64138dac7,0cfa4003d8a80c31d343af65a8665c2fac771c238ed39a66e759923a365caf6b,WASP52b,outer_development,primary_nonoverlap
XUV41Msw31e11He0p0920H1,3c22c44994199e6031dfa1652248539943bf24b6096c63814bd8cd8119a2919b,549a311b90d450e4dc6c0a0779d21921175a627c9763d75357976a795b7859e5,WASP52b,outer_train,not_evaluated
XUV41Msw3e13He0p0200H1,05ee317b649222ae7976f4105a75ac49dc932cf6894f8b8f9b839bc40f61b532,275904a4c423ced1f3bc7b832af654491ee5487b20b68895057684b077340975,WASP107b,outer_train,not_evaluated
XUV41Msw44e11He0p0160H1,fec72b55efd0f720819b425b434b689b06b8b75adc4f036bfca78c0592c4f064,5a94f62f1825f28511d1f64478df37264d41a2da304b2f26b7a3fc8e4af25785,WASP52b,outer_train,not_evaluated
XUV41Msw47e11He0p0210H1,0186d393850c0df01080ef3ccd18bf7d1d424638091b1cc573b1c6262c082fda,e6f5a63f596a3d6bd5ab8ae4fb5d03505a3e2f803eb967462802d939b3bfc776,WASP107b,outer_development,primary_nonoverlap
XUV41Msw53e12He0p0520H1,87c9c1731d4f06d8bbf8e3f32d255265e9484f91ed1f18fecc3597b8eb2f10f2,07eb252fd95a56c0bc8a5082d3cf39017cf174fa5e1dcc74d0004cb58a6c30f5,WASP52b,outer_train,not_evaluated
XUV41Msw58e12He0p0240H0,1e42cac0b7bf1d1d5532eea4c5cc33cb09f9d2418bfd9b2c52c87cd0cc7bc45e,c90b1acbe3fbc6bb5cef3f1e87f9ba33d75543bfc9cb675a2c5ff16974ab11b1,WASP52b,outer_train,not_evaluated
XUV41Msw70e11He0p0320H1,095f20c32b868332880fc3af915a8d68b9a9a54dff53eaa37cbdadc0e1df1d0c,18584d685f3fea2dee04b56fa9b3c720d43ed518042ac070b77a970197b34206,WASP69b,outer_train,not_evaluated
XUV41Msw71e11He0p2790H1,d1d5db7b945967f2ee0410564b60acbc67fe8aead25d787a9313edcbdcdb9295,afaf38932dc6f95301fe85d47a29f36a881472fb68058aecb13c0d2529d4962d,WASP52b,outer_development,primary_nonoverlap
XUV41Msw79e12He0p0400H0,e6bc9dcc0efa245f6ba4e39fac2d36bc281ca59fa108091e7e41f46584db716b,ba1dcbfa087090c6f27edff74442bb800be92904e4baa9c017e6f7fbf2ee8adb,WASP52b,outer_train,not_evaluated
XUV41Msw7e12He0p0130H1,2a4f71bac3d2af80e223c6a9c480864ec82f601f89348ec5f1bee25ae1aed62b,71c883870c6e00f664441cd56fe3286e77d7707384c6718e2b462c5bd6ed0e95,WASP69b,outer_train,not_evaluated
XUV41Msw7e12He0p1300H1,cd41d52216218a9040a1149754a0acf1a9af3d2b5e36edbfe04f9c9f30b9f3d5,21ec581590535430c84bea89522ed5dc9d9dc3f9a79d3799087d0aa1304281f8,WASP52b,outer_train,not_evaluated
XUV41Msw91e12He0p1050H0,e09580f712917c40f826da965cafaa6e270a57e84320f2f2f43e7bb89fa69a6c,efe4c7af2a5a127412df64c99faebe1055efc332b7db09578917069b02f24c61,WASP69b,outer_train,not_evaluated
XUV41Msw93e12He0p0210H0,9924f2c0c420eae65f56913c89843d73fd49bd9dd953a838665a460f7717fc8a,0b851a9a2eec18848be2dfef3ef7a894902287534bc930e300048809b7c7f597,WASP52b,outer_train,not_evaluated
XUV41Msw99e11He0p0860H0,a5a43f5a084936781b901989d07dd4c8b3054d38c02a9b4aacbf992cf7682ccb,033abdea8f77095664a8b43e73ca616a36c09cc81afe78edf0b4316e2700a0d8,WASP107b,outer_train,not_evaluated
XUV42Msw3e11He0p04H0,4531b305c41ffc49f8844cd830688649cc76f9eaad912858d7ea9c6288c7a246,2d4f322e37e584ddb6c31f897b189b074b55671dfd396a693a14bc4763d69e0d,WASP107b,outer_train,not_evaluated
XUV42Msw3e11He0p04H1,9d198fbde62cf3ef92b7efe4dda5e3a7df70ddd7ae83c61795295302bf79ef1e,3bca79e5abf69a05225702885c6ff77b58f3d3bf7bbfe5679343e03439c4158d,WASP107b,outer_development,primary_nonoverlap
XUV42Msw8e12He0p03H0,fe7956c185fb2f0d0f5e0b686e05693a1c8375ac621103cb6603f1fe8737d963,33b1fa40b7fa2c4b621e7d9b697dcf229a21dcfa3f1b6fa53614e1a6d572dca7,WASP107b,outer_development,primary_nonoverlap
XUV42Msw8e12He0p03H1,3d2a6535025b0329b494fbad077d6f702d73f72030510d590ee02e8fda5fcca9,59346fd5e27567c3bdfbfa5e984afde4032aa92d3bdcb1f3ba9482501bedee94,WASP107b,outer_train,not_evaluated
XUV43Msw14e11He0p1490H1,cc19bf120c8eae809451761e9bd295b7d8129c9ce068bdf5a31c6a9c1ea01083,ecd9d70b59593e096436aaeaa0f26d277ce6f65246dd09b4e0583fc05a58c2cf,WASP52b,outer_train,not_evaluated
XUV43Msw18e11He0p1210H0,5fb736a0b61a857952eeb9847c664d8a0fcc26294ab512579deda6adb9ee2ba7,0ac282cb2ea37bdad0273ee750ccd9662d6705c781374422e1ffb42a0b5d43fc,WASP52b,outer_train,not_evaluated
XUV43Msw22e12He0p0860H0,8e22659411de1b3ae15609f0e4a7322dbcc6a6fd2abdda5ac05b253b576d6542,7a7c6554c3c8d0bcc835ccbab6b8df8166e6b5b1998e3650ab770cc06c16522b,WASP69b,outer_train,not_evaluated
XUV43Msw27e12He0p0100H0,0710ab8e934be9ecd717d33db3e6b5a335f17e84dcbcf57148e33c4d4bc78c2e,66cf497d0d2bfbd75822bdf1da28d73b4d5ce0614f229a777cb71764acf8b4da,WASP69b,outer_train,not_evaluated
XUV43Msw28e12He0p1210H1,97bfb6f726135a9c4f32ed9fa0c170216ae89175f7ba00043bd11742fbcc0ac3,2e06fefb3c65263aedb1622a8ba61030cf3632cc58e2e0705062a2b5a03555b9,WASP69b,outer_train,not_evaluated
XUV43Msw35e12He0p1300H1,ec9679882269deeed7b371741226429a675d0a2d8c000c2c60dab5c4300daeb2,b2735c18fec279378806d5fec7c92083c24f23ddc6aaba3f43af4aa2fd836ead,WASP69b,outer_train,not_evaluated
XUV43Msw37e12He0p2610H0,868188fc79a2e90e5910e94bca7ad2f3cc9fbf66d00ab001dfc045e00763e740,e8f526289d8f037f44bffb72b8edb56865638fdd706166d68e54599f5a6b6237,WASP52b,outer_train,not_evaluated
XUV43Msw39e12He0p0200H1,bfe8af822db5979b73fe5761508b6819ac75821ca2bde84fa1a16d41f969c322,33262fbf2297faf48f96d7e17b91842d783d09d21164abd552658defd85ac53c,WASP52b,outer_train,not_evaluated
XUV43Msw41e11He0p0340H0,8e9312c73cd281705f5d3a836cd43887a81fc86f7dfe92c61928a562dec26324,2c35c6b7aacb2f2ea007e6c8d513d25ca3d9edfd8f1e6d9ff8c0678e82339b58,WASP52b,outer_train,not_evaluated
XUV43Msw46e12He0p0980H0,377cc23d64ac5272af6e246c2410dc325302122c32d7ca6ef6bc79d7b3a221d9,3b648dfb7bb9432d4b19753d02828d27602821d13b16ec2b0babcc7fdbb7cbba,WASP52b,outer_train,not_evaluated
XUV43Msw58e12He0p0160H1,7f22b31747a5ee1de32cfda9af1b594757b74edaaed53a7c3a512b65b76e15da,4c0ca863b9f3c05079236807004efe3e55fa052f8eaa12a333aaef8ecde38d8c,WASP107b,outer_train,not_evaluated
XUV43Msw65e12He0p2270H1,47e0d47d867e27e28ef1b4a518c4cace962d92618a0cdb562d040f5af41e6493,9ca8eea277b65d759b6ddc2382ebb5a58c45b18729adfd1580c8899880437d03,WASP69b,outer_development,primary_nonoverlap
XUV43Msw69e12He0p0170H0,5635fd55ed25bd0cb8d494885545c6938867308d30b8bf0503ff70adf69c675f,3a557a5c40aed68dddeae41087deda2b9bf215efd3f120ef1f90bfd7e952d997,WASP52b,outer_train,not_evaluated
XUV43Msw76e12He0p1050H1,e99347f273864a26a2dbfdfc7d58d8edf6cf0202d1e6cb6d482e8c44de8b9133,1e275440834ab7e7a948bdc29b2b5efca9c46742803cf5ea19ac4dbb1f41ced7,WASP69b,outer_train,not_evaluated
XUV45Msw15e12He0p1050H1,9783c033476766b31add9783f11a99a5af0c998a28c16e6549f2e69a43f14c04,61a0355c99edfc2550103e7b22707e23029c54fda7a79ea786c46c0721643160,WASP107b,outer_train,not_evaluated
XUV45Msw19e11He0p0110H1,8ff2ae23ed20c2b60500466ba32c77add6a5e00f5b93daf1934cf49c083da122,f53be201613ba089fff899b5afcc3f9fad62b86fc2ace2027478c31b40198604,WASP52b,outer_train,not_evaluated
XUV45Msw27e12He0p0110H0,e65c275a3d603569c3649a8edc9cdddbd7421c906e81277016fc2fd37a6c18dd,657b8783b2d64ea8f258fae232e4e697093e1a5b25a0553b57fca6328083aafc,WASP107b,outer_development,primary_nonoverlap
XUV45Msw2e12He0p0400H0,9dea176f88aa59086c35d38d49770bf255dd1c445102010673dd3c12242c6780,9776bd3d4a05d34b716dff4e6f6b6ae6483b0d54eff4d7798130e76c26f80885,WASP52b,outer_train,not_evaluated
XUV45Msw2e12He0p1390H1,e61e0c3dfce87e123f1a065945c64a2a387a9c017a0d0ce8255ae3ee1eea38cd,15f7000f438eaff2720dcff08b54f0400f0094c008f40cf05fd5252d8dd2532f,WASP52b,outer_train,not_evaluated
XUV45Msw35e11He0p1210H1,1d3749bad6e882d59f90366d3f2e8cdca627f5835a28f8438cae409046b16691,c23543374c20870cc83829a89da738b54eb3c82e01ff270aed16c26be3620409,WASP52b,outer_development,primary_nonoverlap
XUV45Msw37e12He0p0170H0,de3b2d77e8d4f4f19d2882bdf1a63a17629b412ed32df4879727d5c3e5b8421b,035a8ffa7c2930d4bf64f319aa55ce4f3be8dfa295cf8014ddf6383491221948,WASP69b,outer_train,not_evaluated
XUV45Msw38e11He0p1210H0,d75c131e802814401b4108bd5ae393cac4a86da01003f6824f69caee768378ff,49d63e481ef9d721cf331b91055cf6a8a73679cc93e13937353b4ecb96df7b2e,WASP52b,outer_train,not_evaluated
XUV45Msw3e12He0p0920H0,f0000f435431d27760bcc377c40c6a6928d0264c6356acb82d5f551962ed18c4,22305a0047257cc24c0134edddee7e491f8e749388b9da49ebaac535764d5eb1,23,outer_train,not_evaluated
XUV45Msw53e11He0p1970H0,f7e2d6ebe0b264812ae3024b06a7c2c2d2f0bd7c03f3946dac0424fa2286561e,ea1a3f41dcc1c4fa6130f1014e71cfad5b6be70cbb5aa12eddd9258877fd0b40,WASP52b,outer_train,not_evaluated
XUV45Msw56e11He0p0800H0,9b22eb1df3cca7bb31bb41117d8e914f7789493959fddfd2bd56dac0e76eb07b,ece6374060f3629f59ab82889eac98cc6f4d14f7b0ea1cf5385d8bd296cf8174,WASP69b,outer_development,primary_nonoverlap
XUV45Msw59e12He0p1720H1,b53b2620d9fed60437f4f8b303d2a6b1df380b49ff2d435747714e58a87e0d2e,c74a6574bded5006c357a39ac23952475d0b00908241bc1043e63d783064d94d,WASP69b,outer_train,not_evaluated
XUV45Msw65e11He0p0100H1,41b00121e38e84d7713d6f2f0d44b94428b60255fd80c09722e6bc111c07a640,0e5dde36eecfddebc04930926469cd6cacc9219671cdfd8d83b6a5e578e8f9d0,WASP107b,outer_train,not_evaluated
XUV45Msw68e11He0p0150H0,5c297f9ac846f211b692a4e0c4e378362b6e1a7b03015d859a57c9ae51a381b1,ea6ff00a5dd214865d5d03fae8539af7dc9971e2e3c7544b4231698142f1dab8,WASP52b,outer_train,not_evaluated
XUV45Msw6e12He0p03H0,3d85be956cf0fb182b80e0ffdb4e58b40b6bab81d28ff29f8db68a8346101557,a3d195d8fddfff8991e0dfc06494b81ae40cb3eacf21e0a0c0fa3547cdee5eb6,WASP107b,outer_development,primary_nonoverlap
XUV45Msw6e12He0p0600H0,9f7f5079824c0ebd056bc1f3f18524b39bb6dee693eda7144a44533c2a67a11a,21abba490952d2becec5f99a5de49964f53252048109e87bd04d050214e101ab,WASP107b,outer_train,not_evaluated
XUV45Msw6e12He0p3000H0,60ff04c2b7e4d02e141fc3075afa4c8fad72c35f065807dda0f1e23300faaeb1,ea009db119eb70464604c5ed9af67ec655a4b0604c202b07409c3c1616d1af35,WASP69b,outer_train,not_evaluated
XUV45Msw6e12Heop03H1,e5adc681f99fa8a5f5f2f54fe52bba8da617b5565a67e866d926d92c18f6fd83,0e680ec495b792d6cbf1feba0ceeef99edaaf30bbfccafefd3b850bf9ccb89f6,WASP107b,outer_train,not_evaluated
XUV45Msw73e11He0p0100H1,51f1a9eaaabc7d3c66a780ebbcc5542b460fc857eb59d972d7f929eb025e8a07,968be3f7eae1795095f10848f59ad75ded685b485d1db231af204edf3e4ece65,WASP69b,outer_train,not_evaluated
XUV45Msw84e11He0p0460H0,c616852ac771a381bcc2c6e1d98320f31b81d2fe5aa1dc4b1ea737af2a47ab6d,343623dd4f9476c0470d00d0e5566b351340945769c1ac44a05bfe3ecbece617,WASP69b,outer_train,not_evaluated
XUV45Msw8e12He0p03H0,f7cc395c162b7fd5b94089177ccca06d2625b53df7fde5b647dc317eb1780a32,db344932b85c65201442615c5b6b80d4cf5044b79d162fdec1523fb4c5f5d1bf,WASP107b,outer_train,not_evaluated
XUV45Msw8e12He0p03H1,5600ed16a382ae172bf1494fd09900ca60d6763a730dd2de31c95e5bb9332a11,5180d1123fb9fb41f7cdd68b91734f6a75c0307f7cb5fbd067af56138d7363be,WASP107b,outer_train,not_evaluated
XUV47Msw12e11He0p0300H0,f00660e148dbddeb1c0743721ad16e12fd30bcff78e62ade92c77897e8e28a09,f428c7afd4b3e8cda375a247702a3039d85864f3c382213286b749878315d12b,WASP52b,outer_train,not_evaluated
XUV47Msw19e11He0p0280H1,06bac6bc7376ec727eb65ed174c1f1a5d07438bf711f8ed7a177c7298b2d51c4,722982382e3f96f0bdea8445aa4d737c578365aeded9e64bd42b467469c2ded4,WASP107b,outer_train,not_evaluated
XUV47Msw23e11He0p0520H1,40252a4eb7eed1d8f5bcb4960d421dc0edaac0602965c01e2cca324cde7f2edc,2e645670fc1ea7c700c8e5bd8d45543bef38686de9a78fff2ca3dbcb6f0424cd,WASP52b,outer_train,not_evaluated
XUV47Msw24e11He0p0100H1,eea64a2b5ba9e7d6e44729e1e4897e040fc38eb5e2907ff3de52bb9ae0dca9a9,5078adc085f96806c1772666301c5c48eb3ade611a2d02bc30ee355268d6f44e,WASP69b,outer_development,primary_nonoverlap
XUV47Msw32e12He0p0110H1,2051e60336d39645271b91ea606c18e5fc598506b09597fd9257d5411bf64621,f74c702ef9fcdb31582ee5ca498186b52fa0a9d7597e5251113bfff203c26793,WASP52b,outer_development,primary_nonoverlap
XUV47Msw33e11He0p0230H0,83db07b20d2a7b0d4ccbf5cffe08cf4986be6a3b54d7622358ebf8455f97ddac,4673ddc288ca045af89c6b2e4784d54fb420c9d78f2d7ec4d12cec093c48ce7f,WASP69b,outer_train,not_evaluated
XUV47Msw39e11He0p1490H1,bd2b8368145e80a8fc61fe4a32cc3d47f78612ffef236a212ea421576ebb0a38,a2a0214a3cd166c5518e49b708494184d1ef2a598214d83f977adbadb139c79f,WASP52b,outer_train,not_evaluated
XUV47Msw42e12He0p2790H0,94ab72e954b16babe36e95614a33218755b0f99bf5ad832d176b22acba182d0c,71ef4a5d9300baa7cb8df88be2e42d21899a6485ac09af8b4ad8262a2c09c236,WASP52b,outer_train,not_evaluated
XUV47Msw43e12He0p0130H1,97e1d78e6627ef585fdc135e1ff91c35efb1b1810d42c36e1245dfa356088e92,ad3e6fde49be11051fe4dd2652f24c50e06a45d8bf2998f0463990794e96c069,WASP107b,outer_train,not_evaluated
XUV47Msw49e11He0p1300H1,c0beee8d988010f4b663079cd221d41378dad93fe572e1922d4ff1ea5cc18bae,accffcd8bae613aafdf8979097bbfcd1cf873ebaf8b6cfed2b9a8e7105cbc2e4,WASP69b,outer_train,not_evaluated
XUV47Msw4e11He0p0980H1,a7ba8638c645342ed51720cc837eb58fa4b6a8f1418f1b1236dfa6b91bc02ec8,b56aa9192eb075cd683dd88d99d02aee1e20d491f4e5fd3a01e73864a295332c,WASP69b,outer_train,not_evaluated
XUV47Msw4e11He0p2790H0,de7023f34db9c58f9f3925bd7e8dafef6acd8c1428fca054d2a46e8ba423652e,0a358cf74d3e68daddc40e18d45aceae914b60b8b5eb98200d37567ae0dde273,WASP52b,outer_train,not_evaluated
XUV47Msw60e11He0p0240H1,31d379507f9bb3221a064978a9e9548aa1134637bd7281ae6933042c34525dd7,fb46ff6f7066f50d88f49986197b7d3757f83cd86b0f7956316cb42aa81e8944,WASP107b,outer_train,not_evaluated
XUV47Msw60e11He0p1600H0,6d1cd1ab269dd609be2e8f3dc102407899bbb1c9792d64bd9f0bfff94299d66a,0ff317f3c6e92a1bdfbb63f5c3ad354f21d1837b4f68ea9bf2603918899d385c,WASP69b,outer_development,primary_nonoverlap
XUV47Msw61e12He0p1840H0,2b9bd1db4e59bfd7c75b9701a7d1665a8191d03166f8bbe36acaba209d8ffebf,63d42faafe6004906a3e5b531cf4248a354126defc00423024ca6bdba9729197,WASP107b,outer_train,not_evaluated
XUV47Msw62e11He0p2610H0,f88ee9eb4ed1a4a971f0e216d8c12f6180ce169ebef009da490f3565d798cf03,f909056a29f4b95f678c62e3990e14550c41025568c8c3144163e9568478bb6b,WASP107b,outer_train,not_evaluated
XUV47Msw64e12He0p1130H0,c47d0057ef4175fbad0c5f9ba633c23aad5fcc624b12047157a590118e0a5ff0,d5759ad9dd8d8b0987ab2f8f5692afe98e3778c195ac6bb3ff18fe36b239bc06,WASP69b,outer_train,not_evaluated
XUV47Msw64e12He0p2120H0,e7d110e66432679ae30dcf046fc00afcc6bc6060707b2fe5eb578d601fc933b8,085bed56e667da0a04e54bc441df68925c76856bdfb0e465462c5cc1c400a423,WASP69b,outer_train,not_evaluated
XUV47Msw68e12He0p0170H1,62247f8c9a5430fe1fd3ea2860c9023860ab5434e44f6436675fea44b1f17d74,14d87c37f7ccbf8b39f9d2f89feff5e7285d3eed233f9614978645973939eb49,WASP69b,outer_development,primary_nonoverlap
XUV47Msw70e11He0p0740H0,21720bd839391c1af1aebef353e78660f8777f2c1ae0167d33c125c05a77a131,551cf654450128d7ea56115c7bf948b5552ebadabebbdff4c65c200bb3d8a010,WASP52b,outer_development,primary_nonoverlap
XUV47Msw70e11He0p0980H0,6d4852d64f7f5d8c9fefc1b7144c033bb0dbbccaefcfc737454d983d3f83c5f3,c1249ad0c58af0153110244e3bb912c112e1fb0e47cbec13a4d6627560d143af,WASP69b,outer_train,not_evaluated
XUV47Msw77e11He0p1490H0,f746076381bde0253f5ea51139502c77a4463f7e67874803c7cc4a046405b6ea,8c24189de40628ef0151cd051198d08a5e0c19a6599d7393bd871946fe8a0529,WASP69b,outer_train,not_evaluated
XUV47Msw8e11He0p0180H1,f9572322e26dbcdc31e0c4b1fa60adc73487d642402d483882bf59a8de6457d7,f98da4ba4b2c70359c918d01f42c4f5ac9f08c91eb31bfb909ec0e9671ee0378,WASP69b,outer_train,not_evaluated
XUV47Msw91e11He0p0180H0,9a82a83d71d9bbd8ebca526da523df39826f9b84b7d6a1ced7281fab2ac4d162,da55cc22d12e0c66c456a4ab3eb7bdada73ee00ec514814cb5536014216d9ea4,WASP52b,outer_train,not_evaluated
XUV47Msw93e12He0p2610H1,5031bf6ac989db7f0b203f4092994ad1eb207756e1a95ed8bf70c89f35bb04eb,d50575985c1a7c225931ce19102eb8dd068a0b336d4a1e4b1886e45ddd0683de,WASP107b,outer_train,not_evaluated
XUV47Msw97e11He0p0260H1,24520deac8ddd8a06920ce57cf60140e0ad61dfb18111827a6c1248478e60fcf,a7a45b3b372eb8ea7ce161e6cc065d03d0dc2f921332f05c5247dedbb0dce614,WASP69b,outer_development,primary_nonoverlap
XUV47Msw98e12He0p0800H1,1101494095b59763368a6a0a00631fe96ff41e8cc4ad4ac75b889236a812109c,d10e570994ac03daa5e555f4961a04ea999dceaf925b5ac71a679fa35ee770d0,WASP69b,outer_train,not_evaluated
XUV48Msw4e12He0p06H0,6699fd092b604e60e356aed5fd17c5e1f4e0b3cfa92eae2f79cc6ba7cb500a73,469801a6f31f1f96bd59bff82f0837e327910a40260e7a22874b9272e358ada5,WASP107b,outer_train,not_evaluated
XUV48Msw4e12He0p06H1,58f763c8e180f498cad0a8cd22e42071531e9a1b4baed6d290c1dd2aed4f9dfd,e0c2e745afee38050d443e9b72c8e7d7fd3fe118c8202f612e48fdc2081bc346,WASP107b,outer_train,not_evaluated
XUV49Msw13e12He0p3000H0,b34b23a2339500acf60e5664485606da779c98c83320bd89e37bbb10bdddaf9f,4e80fa4c8c9c51c2ff25ca4e762ce5f31e07be4bc5e2ddde2f4ce8f7b7a28bcf,WASP52b,outer_train,not_evaluated
XUV49Msw17e12He0p0400H0,6010b24e9237365c61baae4dc12b9935640ae8228ce19e0ed628e443ac4e5f93,773bb42294ab1c4c27bbe1fdc846a8a9662fa41efd079f90fc78b1e53fa98c42,WASP107b,outer_development,primary_nonoverlap
XUV49Msw18e12He0p0100H0,db3ca548c7d5ced3e1d134ed41fb43394557c61bfb197ea7b3cdf17a25e30a1d,18350a229f8f770ab85447e90cd8cd84f712cfb0053911294d2d3695418e7451,WASP52b,outer_development,primary_nonoverlap
XUV49Msw25e11He0p1390H0,06e941a2eb58dd5de2cbedaf034563d317d032c41b02db6c9553841b88c65510,124e9d2a934e8d937c20b034bb1b00dad8da82b0e1e369ba232a06d8b65939ff,WASP107b,outer_train,not_evaluated
XUV49Msw28e12He0p0200H1,b0e0a63d16a2f9e69de969f63718c3f7d1f4f1ee385588e0c862ca2db19fb4f1,919d79a7c08f2fcdfa9cc5701f3f4495fac246510e76795a4642263dec4516d4,WASP52b,outer_train,not_evaluated
XUV49Msw2e12He0p030198H0,527b28ed25c5647cba658489406f5e29ba6079082d5f640215be7eaa84d69039,b6b4adf7cc66774715b6a099111d1a57a1beddcc81488332184ad190dc2249d9,23,outer_train,not_evaluated
XUV49Msw2e12He0p030198H1,e047fe7c66b8902ad74a6b91a81c4e9da41c882dc98207e8c80f98a8ddd8d405,83b69efb4d0b6b20b9083a7e0fb5eccf1f78868bc9ef7aaabc1416e7868c02ac,23,outer_train,not_evaluated
XUV49Msw30e11He0p0370H1,4e5050cc9ce15ae593a84b3e7e6834f4f37ffa24aa932c61223f927bab891ec4,72562a19dfd01f2516cacf1c0ae36d5f7b4e30d391da42ecfa6a05f6dc57e058,WASP69b,outer_train,not_evaluated
XUV49Msw33e12He0p1490H0,184bf048f31f7a2a1ccee3e4aaa4e3339355b16b69bbbd8693f7c4d22a37dc22,07bb5a060eb3a1f6c4693f1388c03114472a76b2473e523e2f2f8d39b28bcbd8,WASP52b,outer_train,not_evaluated
XUV49Msw46e12He0p1970H1,58509042576f1b9d88ee05393b5907d3e4faba679d0251fe632b2cecd31b486f,a5b68600713e9147b150566f9f44ea04eb2ba6f5e73275db5e97da078b1e9272,WASP69b,outer_train,not_evaluated
XUV49Msw47e11He0p2790H1,0ed056f57e7c227917bc429c2e55c6501ac21a4135687fc69421d4f63b4240d5,ea86855f143ced55e0f327646890f96c36965f65d7cd6fbf9f3fcd03f3595e9a,WASP52b,outer_train,not_evaluated
XUV49Msw57e13He0p0740H1,2abd904148a4ba08cb2d7020c97ffca727503acaff01eb8822a94df2b0789253,186e771abe1d2da8ea4ed34c78e9abcbb434a6a3aa6b7e6a261cabfe0c35b5a9,WASP107b,outer_train,not_evaluated
XUV49Msw58e12He0p0520H1,350b3dddf9fa42717a218984f8db0b9d936c8f0fdfbeff7674cd0ffaa5c43a38,6663e90dfa5f2dd9e0ee7b94855f01bf615105b4344ed85c046aaac5df652fab,WASP52b,outer_train,not_evaluated
XUV49Msw59e12He0p1050H0,94bd2c639fed09e86b45c190965e3e83f6e91c17e92647631fa92a29091160ff,1c58a229a19641332ad6e73e822175643ae2af8a90ead57815390522f0812fad,WASP107b,outer_development,primary_nonoverlap
XUV49Msw60e12He0p1300H1,efd00bce0d79202601db693a2ef27c3c8397cfed97132526387e44b5512454d2,6d4fd03ee898e6bdc75fda35c1cf266bcfc1724ed5b61663b98281efa9194624,WASP69b,outer_train,not_evaluated
XUV49Msw69e12He0p0200H0,7c91b606ffc3fd8fdb789782d324e04114c8bd2ad932864f69dd94fd275286ce,c817bc87559b42b496fd0ca3ab1a2dc0ef551dbeb00f8d3784daa0545b81b1b6,WASP52b,outer_train,not_evaluated
XUV49Msw71e11He0p0240H1,6342689586bcbccfc26a96e29ab82d1bf703af064f89d967b8cc31a591bc99a1,0c2b304a9f72bcd7490a30ecdb6138461c662dabce134112a2f9cf1324d7c72e,WASP52b,outer_train,not_evaluated
XUV49Msw83e11He0p0600H1,b5dc03d988097b7202d4570f69ba3cd1986c53830ca8386353ad9411e9e9d6da,574fbeecb24b5c33cbb51887dd4a05aa550a37bde6f90716692e3fb7543e7e38,WASP69b,outer_train,not_evaluated
XUV49Msw86e11He0p1050H1,d031fda7af5fe64e34b38c73f076e78a89b77187c193b39a46f3c64cd45543ba,078b3603b99a82be399172d66cf723bb2cee72e20c30a35de3d80ddcef5fe6fd,WASP69b,outer_train,not_evaluated
XUV49Msw98e11He0p0260H0,e2a2fb9684384780aa5242cf052a06fe98c5041d4d85e2303dd23047b557f750,29ace3b825365b589b7f44b98e9b3884689b26482cae407a92140c2369a1ba27,WASP69b,outer_development,primary_nonoverlap
XUV50Msw14e12He0p03H0,f70a59373594d649851d0226620192ed53963eae473e4dd5a05c4645833ce18a,0fcc247f98f3796c766693fa8a743e9060c0a06ee7e68293ca59a1daabd96a4d,WASP107b,outer_train,not_evaluated
XUV50Msw14e12He0p03H1,ad4e9dd2fc9ad3e8c6a6b6634bc123a34aae8a7833eb8a4451267e8cfa619392,477461586a4692f5b97b5ed2d50173a4fe23bc1d1bd7c06c325f4ad910c23a03,WASP107b,outer_train,not_evaluated
XUV50Msw8e12He0p03H0,8deb25429ea8c4ca17c0ecb82a0bba0cb8bc079135eedca0a134bb8cd493dff4,c63e312fbf47490404fbfe381483ce9c38204417dd5a69c0fd8ee26d7677276a,WASP107b,outer_train,not_evaluated
XUV5Msw11e11He0p0320H0,6af75004e28e2979d59f926d39dfb39ff463b96cb7e94ee9d16020f834f6be41,b775545557492141d3ff7e2b8e0c80b7c871c90fed05afbfe8c76054e39fe0e3,WASP52b,outer_train,not_evaluated
XUV5Msw14e11He0p0320H0,4bbf36cdce48ac0cbc40acebb56c3a7bd61da00135106c50a7ccbfa650f505eb,1f5135c0e5dac071fc1cd66f59c8a78c6b06793c15077ff60637857049f83685,WASP69b,outer_train,not_evaluated
XUV5Msw1e11He0p2,7b2a10f7ea1418bf425afbbae21628483daf2bcd84accd4de23c62e6578707cb,95fcea0076cd11e750b2f37f7d6797379cdc5987f0380f6156d191ebd467d5d6,<нет>,outer_train,not_evaluated
XUV5Msw1e11He0p2-O,fb039e256d54bc36e4baa3a81a6a752543790d7bf9c24c5ec259877e7f61c32f,aeb7bcdd21fa2a3df5a046e6eb740d99923f9fd166bb886d07783f0e2c025e6b,WASP69b,outer_train,not_evaluated
XUV5Msw1e11He0p2Na-Ca-O,387f0e42e5d7b965d7920a0d7c924b38c140ad3bb24cec8d85a0145608b0702d,72c42cd4a6650e40ae7cc673c617b347ced911d9d9f749bc4990727da3ae50b9,WASP69b,outer_train,not_evaluated
XUV5Msw1e11He0p2Sol,684e68e76fc47ee2fdc98929f13518aa1496513f2b0506b3d0d7b884a45bdd3e,58701c64b7fae5bef83c5410d0c4ebb46b5b78fce5d17708c47ddc47f2e79fa2,WASP69b,outer_train,not_evaluated
XUV5Msw1e11He0p2Sol_max-new,205efeca95dee5b49fc216e0790939d2de8108534afe949a997de6d5341ccf79,29752fe5473f1803717d8ad73bc039232eac5e67f505a54f8f2f970e45d8d670,WASP69b,outer_train,not_evaluated
XUV5Msw1e11He0p2new,5d51fc842dbbe8861730eef4d6c920c94db11a29d464f703e2194c9d4482a576,16d8b13ce834a803e2543580c77a98482e6fc5bb2a71699417aa0caa188232a8,WASP69b,outer_train,not_evaluated
XUV5Msw1e12He0p0460H0,a035b8951425b192bfba2bbcb4d88f1d0d2c1101f9dea28874797401837f77c3,6a9bd345730d15409da13d8e990d914c53ae455c65ff74771ade0fa1b7c7388f,WASP69b,outer_train,not_evaluated
XUV5Msw29e11He0p0920H0,7e2c69c367439da8279a745e825b7d5cdc162baa1d0ef355d3c85793d15bda05,58366c924f7ce49611668a3bb80c57fc62a79206b956747182cc82a1d09efb83,WASP107b,outer_development,primary_nonoverlap
XUV5Msw2p5e12He0p04,882a36597525c706194ea5788344b6408b27ff8073fa3689cc984f470dfa171a,7d113f771a17d1b9d7c7a5479087886a17903532f1e1a753463773dab17852f1,<нет>,outer_development,secondary_historical
XUV5Msw2p5e12He0p05,956b65ff665d061f51d6b8fa2e072e81f7dc2572fad13df69dd8b2ea0cd6df29,7d113f771a17d1b9d7c7a5479087886a17903532f1e1a753463773dab17852f1,<нет>,outer_train,not_evaluated
XUV5Msw37e11He0p0320H1,317b37d309388154a06120603bd6c62c012e476bac1436da80d804922ac5fcc5,79d48e56e085ee1c83417c06b0abf755a23590831aab1e34e53b87fcf6f35523,WASP52b,outer_train,not_evaluated
XUV5Msw38e11He0p0300H1,05cfb15a7bc10e52991089de61f5ac5194edde4fee48ac7851e27b4ac0d6dbc2,b978f3ae3c40cdb4e7ea0b0ec68d239546ec428cd2af8367c8474fc1b1cfd071,WASP69b,outer_development,primary_nonoverlap
XUV5Msw41e12He0p0280H1,a40d78842b7c61bb979284985a2133386fa2bb845b379b6d192f2a3e17978cce,7e286c80a4548e9a55e6921666def42f38ea5e08499fd464f203a5f37d9b0e28,WASP52b,outer_train,not_evaluated
XUV5Msw56e12He0p2430H1,0abc7ac6c6bf3ef06edf836d8b5bac41acef6801496021d1cc6a3b78f31fd763,8cbaedb6bd479eabadccea878ccf09ec4837b70785bdfe963980f5450fe3f613,WASP52b,outer_train,not_evaluated
XUV5Msw63e11He0p0150H1,8052c2a0ebff62e97e87921688547fdae58ef50e7e1a9aa987cd5e58e1be6297,1133f97793be4a1774f70d0228e05ef5b3cbbe420c6ccace371ca8cc97c08015,WASP52b,outer_development,primary_nonoverlap
XUV5Msw69e11He0p0520H0,faaaa9749f2b27c3c266f32729020bf61586edf343ccb7b4f5783910fa245dfa,de5bce0e55676ca19d399a4dea8bfa6f2db13fc537da7325ae72651d8ed9d3f0,WASP69b,outer_train,not_evaluated
XUV5Msw83e11He0p1210H0,f1075dacc656357c3b455fd7b8a8ec7746df3db52040e7becdf9883a4277b833,1a6adf080ca5cec717f41c1665b90fc3619a9c32ddbc1734c3fab18fe12b3b6d,WASP69b,outer_development,primary_nonoverlap
XUV5Msw98e11He0p1970H0,75d7052d8a505179602175a0f81185cf84269e6f2546c3c906c59c4244a663f6,6dc26ba0665e478c9d55e0c54de3f1285df50acacd9a276abc34253fe93793df,WASP52b,outer_train,not_evaluated
XUV5Msw9e12He0p1490H1,ad61a6e08616aa8585599293d9ac879c5acffc5e96585d173d43d9d61ba6176f,773b9a853d1f5848c00d7c0b0f024063632d23a1e7859393962fe9971ec7ba3b,WASP69b,outer_development,primary_nonoverlap
XUV60Msw1e11He0p015Ew11H2a1,6d5bef69512f4dfd22e18d6c554c6ed24a936f2679e0a513f93d600a833c1cda,2226315275465616b712effc46f1d3c42071d9dc5231a1291708f0cb0c2b3a06,WASP107b,outer_train,not_evaluated
XUV60Msw5e13He0p015Ew11H2a1,a6e11ac013acb801785b12397551f2e05c5bd334d296059ddd58473dbd30a3a2,5a54fbe068e8ab1af82a9dd17685624e407aed9a915da8b3ff53cfbb36ffdfa8,WASP107b,outer_development,primary_nonoverlap
XUV60Msw5e13He0p01Ew11H2a1,edfe40c0f616d5f32a2f8bde5785d87f62339d153b47400ba36408495fdfc8c1,68342d95f4c786cb453f0c19700eb3196f5d205627fbabddfc524717d919dae2,WASP107b,outer_train,not_evaluated
XUV6Msw6e12He0p01H0,a2de8b6d5102adffd5e37187e481650c2a631464396796ab28140b0b19bb767c,ae8f87c49c711853780cd4f074e8ebe71be03b183762ca024e61f63898e4a555,WASP107b,outer_train,not_evaluated
XUV7Msw18e11He0p2610H1,cffba17effece92ea4c523dd346d232cb48a581842d1f39b3269394ffdacd259,2ca827d506cf47a527b82531c2b88e0f5811ef6264da3541d72d18ddcff06f5f,WASP69b,outer_train,not_evaluated
XUV7Msw19e12He0p1490H1,c1eca4fd705ae542409dd2bc4356bd0610e623a77696264628cb68c85b37f46f,f94e541878953b1ccea443033732b21507b9c855152b0c6347e745ac66670c0c,WASP69b,outer_train,not_evaluated
XUV7Msw26e11He0p0740H1,00efa1f7cc3bf708e860e1ff7f3ca984096482d14726d255a686ce8d86e8dfaa,3302ec44e7563b1f015d38296447099a72d9707e8a192e7e4c0a570322204128,WASP69b,outer_development,primary_nonoverlap
XUV7Msw29e11He0p1970H0,8783ad9db3f95d677701f462c38d12fbf595ce70210926f61ce47892fb76850f,2b8bb4d2d3ae8f24d34c3f0daf0d50f871c75d006ef8a6eb2c12dc9ab1bb7173,WASP52b,outer_train,not_evaluated
XUV7Msw2e11He0p0150H0,f42662557e966f6af140f7dd521566dfc17e93c366278473ba4cc398be85e6d2,df22e667ea6cd95133e0d234594cabbfad0d0186c35d476f592776b0ca344801,WASP69b,outer_train,not_evaluated
XUV7Msw3e12He0p0460H0,d517d31d0131d59cddd8be4eda4a53bbb63141a21d71b5b7ff361aebd138be29,266a61a9465d4e06b3cc976810572af773bb996b18ac8b422da15d8088a34100,WASP52b,outer_train,not_evaluated
XUV7Msw3e13He0p1210H1,5f90ace67b9b17252a41966be277427b13cbc9c111680d5af96f1c3e2f11ce1a,2318113af340edc10ec9d1a029c211764f5261f6fc11de39899da8769acf4d53,WASP52b,outer_train,not_evaluated
XUV7Msw45e12He0p0980H0,4e86860b16c74d72ee95d41fcef28d2ae6c1260f12195b8fa428810aada7e0df,aa423397096b7cd9ce7e78ec3c37dc380524dab8fdaae8cabc5cda6b0c264904,WASP52b,outer_train,not_evaluated
XUV7Msw63e12He0p0740H1,574e6848dbe5e18e88e6c916cfcb16a3ba61b9c7ea7406b72089bdcfe24f90c2,879a87d9e213059f3272969804761f88688165fcdc95634ab5de578f24a0c9ca,WASP69b,outer_train,not_evaluated
XUV7Msw68e12He0p0110H0,8c886b9b2d4e2ea2a70ca0cec13dd8f2b811ff830a8dc2183b5fdf8dfd5ba9a1,01e94e2c4f87d40c52cfe08a2bb7ff5a6591fd6ce42b87174f6dbf260ac8cc6d,WASP69b,outer_train,not_evaluated
XUV7Msw71e13He0p0420H1,0050cebf654dfbf71c6ea54363daed61e62c436287b26e0d4ef7719eaeb4f38e,4d711b0e3b3d17fae84c586338ff5c1164e6541804d20cf4d872fea2a5dd16a6,WASP107b,outer_train,not_evaluated
XUV7Msw76e12He0p1840H0,61b66c2d4deb5dbd96c8cd2c644dcb2094a9d7d8e45e08fbe70ce31c2737b594,9fb29db4046d7f5ff66631486233caaa702c8001496c324ef7d31faa36cb309e,WASP52b,outer_train,not_evaluated
XUV7Msw78e12He0p3000H1,0d797d57123984b2fd6a5bbcd576ddc13d7b3c54cf2abc91efe0d860e6b15624,5e1541bfbfd52d192251ccd6815b38b4fa13be8be2640e06d2ccd02cb5352bab,WASP52b,outer_train,not_evaluated
XUV7Msw85e11He0p0150H0,1ed0254226fe3bce86c98b77c423e661dca9943c87b29d0195003656fc88a4ac,1dfb99cf1c9463a367639dc9621d99aab9d69a7f6dd8b9c0ff7f058be8f8d33e,WASP107b,outer_train,not_evaluated
XUV7Msw95e11He0p0320H0,c822f435c79db3fef087da72cbbfbcc06572f16fa3cf3f52899da16794522df1,3ecd9c482a6cdb5f6346945d7be397ff959b6f2b66f785346511c0a548d4223d,WASP69b,outer_train,not_evaluated
XUV7Msw96e11He0p0300H0,723eaead758f8abadda6154073dc778f5db1b20311434c99611200731066e8fd,85d298c061a6e43332c26068384dcdbfb799d6ff1d9d02510e7021d8327171c4,WASP69b,outer_train,not_evaluated
XUV7Msw97e12He0p0800H0,fc2a8f6b88cf17b7ada109a447ae28bfa462864e62efc04dd30912e1842cee9c,33904ae58823d488983c934a0af6d8a76bb3e6ddf0805a09c5d8734b131db07a,WASP69b,outer_development,primary_nonoverlap
XUV7Msw98e11He0p0560H1,bbd2beeb903d5c088fd4c3e9e79fe804ca1dd8f6e5c84f32cdb4301fd23dc174,80bf4196a8ec23dd2d9779e252c1ae321835e0f625b8cbc39e0d7898bce9173e,WASP52b,outer_train,not_evaluated
XUV7Msw9e11He0p0690H0,0e7f455c0d95fb27c1d33024b43b2ffa4ffeb08639f8588984c297dd336ac4de,371b0a1dbd1c98214bdb7e813d3f026c70e49066592b39340de5a8541a121f28,WASP52b,outer_train,not_evaluated
XUV8Msw14e12He0p02H0,0efb013496f46b0ecca3e5ca81f4b7585a9f8f22ef78a0afab96db9300b22bac,d7b69a9a89558a752a3a07f4112f7173d81954204ee056ac7e9517c4fa6ed238,WASP107b,outer_development,primary_nonoverlap
XUV8Msw6e12He0p015H1,d8e01dde511b158fd60b7c158f2a034fce4aae0bd66e3fdec04b4ccf5ed68534,2bf97520c27f1a0824bb3017aec16a69ce32f94c8f629ab847e3e82de90a4da6,WASP107b,outer_train,not_evaluated
XUV9Msw20e12He0p2790H1,553216918859e25e8e2a94b2d58425bb1a9579377e514bbbfd90ea6565144a81,7f9bd98a5056c7bd4510af98ce7e5f9b1a98fb78245f98d00644f54691605a7c,WASP52b,outer_train,not_evaluated
XUV9Msw27e11He0p1720H1,4b180c07d8693cad9843450ae1eb245388f8f6d580b42f42f3533a6d541f9bc2,826095362ed9bc013c7f85b478bf6b2c7d93dc3cf64c330f89a6a54ee3c98f75,WASP52b,outer_train,not_evaluated
XUV9Msw28e12He0p1970H1,f42d7c490527a7e1af8ac22a4df2a1818d06e99ef2bcde63671009226ea16bef,bcc783fc1f8ad65989c727b3fdde2093a2b9b06a166911bdbead9ceb0da608cc,WASP52b,outer_train,not_evaluated
XUV9Msw2e12He0p030198H0,80639a44c4df5a54b37e7070507a5f231d2d79dcc7ea73f3ca378f45f8c1e033,371fabd3db89df6b944a82e87ebb273dc3dc4d8364e3347359c3513dbb68eada,23,outer_train,not_evaluated
XUV9Msw2e12He0p030198H1,8b7c3d115f1065e0c6c000e613f3c53377a7638ad1f66358f9d1cdf5dfc323de,56885768e1e4d9fee9028c45c60101bd71180f4893b978137f59cbbf45d75a7a,23,outer_train,not_evaluated
XUV9Msw30e12He0p0860H0,93c2ba34ee5d740bd05e99fcde7d660f29626ef6204400d07dabee603382409b,6a3ad78a8c1df2adeab6cb73ca7a581001084f20fa0d3bea37b68fcffd40ec7d,WASP69b,outer_train,not_evaluated
XUV9Msw30e12He0p0920H0,8b23e6c8da8ab7c4dc40bc8336e134527bf911f116a49eb63563f58bacf86591,9a0c876b120b9d84478d7cd50d2b0c67c639304bcd847c8498bf7d160cf191db,WASP52b,outer_train,not_evaluated
XUV9Msw33e11He0p0200H0,7f48a7d32ccee71dc63e30427ccec445ae16045c7e9a11dce53f6ba4a4010c73,ca6432c9e6d198e2ee4d7f05daa1a61845e8fc6008357a695d76f5d14c2838a0,WASP69b,outer_train,not_evaluated
XUV9Msw36e11He0p0130H0,901cb12dd04098d1113fc1f3ee4738211117bc06ff0a7c7b5f35d8435a073cff,b31d54dd9e35e3032c71e9bbd0d41960322224eb0715e3420c599844fc3b5574,WASP69b,outer_train,not_evaluated
XUV9Msw45e11He0p0520H1,f805d69d6ce4da26b002066cf43a564d2beffd29e5ea5cdd50da4840297985fd,c0e9f661108f7aa19a4a4d1787ee444f7afbe33e05a8b4685a0be66692c55aa2,WASP69b,outer_train,not_evaluated
XUV9Msw49e11He0p0260H1,f7ac611653e9dd4315f8a62a8a395864308eaf3051aff1d92349703572f04e27,73517a4f5d0bafc4a134e624d1b049ce4d89ad92fd145046d15935f5a4705386,WASP69b,outer_train,not_evaluated
XUV9Msw50e11He0p0210H0,277ea19df9df84d515b679bd8a52e82712e9ce15db93e226905a8905dc5fc9fb,56a05ac3880d52e767be1c640d6a84083b66b4bc9b48ab7888d5c542da52fc79,WASP52b,outer_train,not_evaluated
XUV9Msw53e11He0p1050H0,3c9ab72c74924a2d1334775767670037ae1d7ecad17df43130ce699f25fe2416,06044f55a5df708cf28d0ed77578ed069ea2a598f64cc54c57fc63fa03bf7e58,WASP69b,outer_development,primary_nonoverlap
XUV9Msw57e11He0p0260H1,a7bab5ea45b959d0f798951d549db4748f8ccea4bfce1e951ccf9365786259e9,db8e05f003e5a85c42d43e59d7ce1688c92243a35cc6ca487ba8ed258a039f29,WASP107b,outer_train,not_evaluated
XUV9Msw59e11He0p0160H0,afd0adcf8762d6b47ab076d0e1c00778127256b22203cced019b4cb45f8384e0,95297c3eb98be9b401b6c609be560f578b9e8d696f27997c047a75e9e2fd691a,WASP69b,outer_train,not_evaluated
XUV9Msw5e13He0p0560H1,18526a8be502a8d74f290db672e6e90b30c5ad215b9e8b05d61a4ff165c7ff70,aecb92475767379a0896aa1633bfb3dcc1ce697efafd49c96839da05b753c284,WASP69b,outer_train,not_evaluated
XUV9Msw63e12He0p0980H1,8181e630aa9ecb7f8b08f1a6f7b61bae13f6886cc08946e3e40493edb769168f,3da5fb905a7f244e1893dcbc4d867c8933dc9f8239bf094d04cbcb0de836a9c1,WASP52b,outer_train,not_evaluated
XUV9Msw67e11He0p0300H0,6030ce5f34a02d5a472030c51fff32d3c8256a05fcbad450117f484253b3eb2a,3ab1ad319b3bbbe0c5c5242ea2d7d6f9681399efe9c875f5d4d5d68c5ec8133c,WASP69b,outer_train,not_evaluated
XUV9Msw6e12He0p2790H0,d5eb4c6f51e80e082a4338c23fb6b9fb28f6288cb7e01adcdc69e57707fc0619,2891e3a578d839b2c8b8171f6c30eba1c772b2b14c7f25193b0cbddf1d14b9cd,WASP107b,outer_train,not_evaluated
XUV9Msw74e11He0p0300H1,95a115d495bf7830d406357766f588b3b318c5ce82329b2834a7752636bfd59a,9a953d339a2f133a0323d948563ed255cf47cb4d83a79db8ce9ce357f210267a,WASP69b,outer_train,not_evaluated
XUV9Msw82e11He0p2790H0,c290aa12371fa7d2c562c22b5d5a6995fff6eedad88e1faa2f1e37650b64181b,12b3f88fa12c34e77a8d6b9d47d5d10f39b75e4db8cf384f6c0a5a67f45d8a8b,WASP69b,outer_development,primary_nonoverlap
XUV9Msw85e11He0p0490H0,3d34e791d9257a1256ea08ffbca1468e896e26ef72044f5d94cdd88df0a58510,b2e5e3d6d5edc16431b860954ef01187d0b0db4777c60a7cfade5707902e94a3,WASP69b,outer_development,primary_nonoverlap
XUV9Msw87e11He0p0280H1,f3ca70dc308d9190bdaa0b69b500252f797dc5e75be3dc3117c9887d8dc76107,2de0df39c39b8e39497c4942174432b2fbab40c3242cef1e88f210076df59b7b,WASP52b,outer_train,not_evaluated
XUV9Msw90e12He0p0260H1,cdac50109e02b5761d2de06bb83bd6c7241a1d0b5d49f9d3ee486b4e724805b2,e90032e4eb31fcd0226fd04bd1c0d82773fd53a568ae3abc6ec1fd4a8ec36ab4,WASP69b,outer_train,not_evaluated
